symbol,price,marketCap,beta,lastDividend,range,change,changePercentage,volume,averageVolume,companyName,currency,cik,isin,cusip,exchangeFullName,exchange,industry,website,description,ceo,sector,country,fullTimeEmployees,phone,address,city,state,zip,image,ipoDate,defaultImage,isEtf,isActivelyTrading,isAdr,isFund,symbol_queried,symbol_original
EL,91.77,33028605648,1.176,1.71,48.37-103.44,-0.84,-0.90703,1852296,4258557.0,The Estée Lauder Companies Inc.,USD,0001001250,US5184391044,518439104,New York Stock Exchange,NYSE,Household & Personal Products,https://www.elcompanies.com,"The Estée Lauder Companies Inc. manufactures, markets, and sells skin care, makeup, fragrance, and hair care products worldwide. The company offers a range of skin care products, including moisturizers, serums, cleansers, toners, body care, exfoliators, acne care and oil correctors, facial masks, cleansing devices, and sun care products; and makeup products, such as lipsticks, lip glosses, mascaras, foundations, eyeshadows, nail polishes, and powders, as well as compacts, brushes, and other makeup tools. It also provides fragrance products in various forms comprising eau de parfum sprays and colognes, as well as lotions, powders, creams, candles, and soaps; and hair care products that include shampoos, conditioners, styling products, treatment, finishing sprays, and hair color products, as well as sells ancillary products and services. The company offers its products under Estée Lauder, Aramis, Clinique, Lab Series, Origins, M·A·C, Bobbi Brown, La Mer, Aveda, Jo Malone London, Bumble and bumble, Darphin, Smashbox, Le Labo, Editions de Parfums Frédéric Malle, GLAMGLOW, By Kilian, BECCA, Too Faced, Dr. Jart+, DECIEM, and The Ordinary brands. It also holds license arrangements for Tommy Hilfiger, Donna Karan New York, DKNY, Michael Kors, and Ermenegildo Zegna brands. The company sells its products through department stores, specialty-multi retailers, upscale perfumeries and pharmacies, and salons and spas; freestanding stores; its own and authorized retailer websites; third-party online malls; stores in airports; and in-flight and duty-free shops. The company was founded in 1946 and is headquartered in New York, New York.",Stephane de la Faverie,Consumer Defensive,US,44020,212 572 4200,767 Fifth Avenue,New York City,NY,10153,https://images.financialmodelingprep.com/symbol/EL.png,1995-11-17,False,False,True,False,False,EL,EL
ISRG,473.84,169860267840,1.599,0.0,425-616,2.69,0.57094,1519329,1906547.0,"Intuitive Surgical, Inc.",USD,0001035267,US46120E6023,46120E602,NASDAQ Global Select,NASDAQ,Medical - Instruments & Supplies,https://www.intuitive.com,"Intuitive Surgical, Inc. develops, manufactures, and markets products that enable physicians and healthcare providers to enhance the quality of and access to minimally invasive care in the United States and internationally. The company offers the da Vinci Surgical System to enable complex surgery using a minimally invasive approach; and Ion endoluminal system, which extends its commercial offerings beyond surgery into diagnostic procedures enabling minimally invasive biopsies in the lung. It also provides a suite of stapling, energy, and core instrumentation for its surgical systems; progressive learning pathways to support the use of its technology; a complement of services to its customers, including support, installation, repair, and maintenance; and integrated digital capabilities providing unified and connected offerings, streamlining performance for hospitals with program-enhancing insights. The company was incorporated in 1995 and is headquartered in Sunnyvale, California.",Gary S. Guthart,Healthcare,US,15638,408 523 2100,1020 Kifer Road,Sunnyvale,CA,94086-5304,https://images.financialmodelingprep.com/symbol/ISRG.png,2000-06-16,False,False,True,False,False,ISRG,ISRG
MS,150.18,239738341200,1.32,3.775,94.09-150.39,0.8,0.53555,3897828,5223658.0,Morgan Stanley,USD,0000895421,US6174464486,617446448,New York Stock Exchange,NYSE,Financial - Capital Markets,https://www.morganstanley.com,"Morgan Stanley, a financial holding company, provides various financial products and services to corporations, governments, financial institutions, and individuals in the Americas, Europe, the Middle East, Africa, and Asia. It operates through Institutional Securities, Wealth Management, and Investment Management segments. The Institutional Securities segment offers capital raising and financial advisory services, including services related to the underwriting of debt, equity, and other securities, as well as advice on mergers and acquisitions, restructurings, real estate, and project finance. This segment also provides sales and trading services, such as sales, financing, prime brokerage, and market-making services in equity and fixed income products consisting of foreign exchange and commodities; corporate and commercial real estate loans, which provides secured lending facilities and financing for sales and trading customers, and asset-backed and mortgage lending; and wealth management services, investment, and research services. The Wealth Management segment offers financial advisor-led brokerage and investment advisory services; self-directed brokerage services; financial and wealth planning services; workplace services, including stock plan administration; annuity and insurance products; securities-based lending, residential real estate loans, and other lending products; banking; and retirement plan services to individual investors and small to medium-sized businesses and institutions. The Investment Management segment provides equity, fixed income, liquidity, and alternative/other products to benefit/defined contribution plans, foundations, endowments, government entities, sovereign wealth funds, insurance companies, and third-party fund sponsors and corporations through institutional and intermediary channels. Morgan Stanley was founded in 1924 and is headquartered in New York, New York.",Edward N. Pick,Financial Services,US,81000,212 761 4000,1585 Broadway,New York City,NY,10036,https://images.financialmodelingprep.com/symbol/MS.png,1993-02-23,False,False,True,False,False,MS,MS
TMO,489.74,184931700880,0.748,1.64,385.46-627.88,1.62,0.33189,1400671,2675093.0,Thermo Fisher Scientific Inc.,USD,0000097745,US8835561023,883556102,New York Stock Exchange,NYSE,Medical - Diagnostics & Research,https://www.thermofisher.com,"Thermo Fisher Scientific Inc. provides life sciences solutions, analytical instruments, specialty diagnostics, and laboratory products and biopharma services in the North America, Europe, Asia-Pacific, and internationally. The company's Life Sciences Solutions segment offers reagents, instruments, and consumables for biological and medical research, discovery, and production of drugs and vaccines, as well as diagnosis of infections and diseases; and solutions include biosciences, genetic sciences, and bio production to pharmaceutical, biotechnology, agricultural, clinical, healthcare, academic, and government markets. Its Analytical Instruments segment provides instruments, consumables, software, and services for pharmaceutical, biotechnology, academic, government, environmental, and other research and industrial markets, as well as clinical laboratories. The company's Specialty Diagnostics segment offers liquid, ready-to-use, and lyophilized immunodiagnostic reagent kits, as well as calibrators, controls, protein detection assays, and instruments; immunodiagnostics develops, manufactures and markets complete bloodtest systems to support the clinical diagnosis and monitoring of allergy, asthma and autoimmune diseases; dehydrated and prepared culture media, collection and transport systems, instrumentation, and consumables; human leukocyte antigen typing and testing for organ transplant market; and healthcare products. Its Laboratory Products and Biopharma Services segment provides laboratory products, research and safety market channel, and pharma services and clinical research. It offers products and services through a direct sales force, customer-service professionals, electronic commerce, and third-party distributors under Thermo Scientific; Applied Biosystems; Invitrogen; Fisher Scientific; Unity Lab Services; and Patheon and PPD. Thermo Fisher Scientific Inc. was founded in 1956 and is headquartered in Waltham, Massachusetts.",Marc N. Casper,Healthcare,US,125000,781 622 1000,168 Third Avenue,Waltham,MA,02451,https://images.financialmodelingprep.com/symbol/TMO.png,1980-03-17,False,False,True,False,False,TMO,TMO
ADBE,353.96,150149832000,1.517,0.0,330.04-587.75,-2.39,-0.67069,3797763,3876133.0,Adobe Inc.,USD,0000796343,US00724F1012,00724F101,NASDAQ Global Select,NASDAQ,Software - Infrastructure,https://www.adobe.com,"Adobe Inc. operates as a diversified software company worldwide. It operates through three segments: Digital Media, Digital Experience, and Publishing and Advertising. The Digital Media segment offers products, services, and solutions that enable individuals, teams, and enterprises to create, publish, and promote content; and Document Cloud, a unified cloud-based document services platform. Its flagship product is Creative Cloud, a subscription service that allows members to access its creative products. This segment serves content creators, workers, marketers, educators, enthusiasts, communicators, and consumers. The Digital Experience segment provides an integrated platform and set of applications and services that enable brands and businesses to create, manage, execute, measure, monetize, and optimize customer experiences from analytics to commerce. This segment serves marketers, advertisers, agencies, publishers, merchandisers, merchants, web analysts, data scientists, developers, and executives across the C-suite. The Publishing and Advertising segment offers products and services, such as e-learning solutions, technical document publishing, web conferencing, document and forms platform, web application development, and high-end printing, as well as Advertising Cloud offerings. The company offers its products and services directly to enterprise customers through its sales force and local field offices, as well as to end users through app stores and through its website at adobe.com. It also distributes products and services through a network of distributors, value-added resellers, systems integrators, software vendors and developers, retailers, and original equipment manufacturers. The company was formerly known as Adobe Systems Incorporated and changed its name to Adobe Inc. in October 2018. Adobe Inc. was founded in 1982 and is headquartered in San Jose, California.",Shantanu Narayen,Technology,US,30709,408 536 6000,345 Park Avenue,San Jose,CA,95110-2704,https://images.financialmodelingprep.com/symbol/ADBE.png,1986-08-13,False,False,True,False,False,ADBE,ADBE
XOM,113.35,483239387500,0.502,3.96,97.8-126.34,0.6,0.53215,13835763,16971982.0,Exxon Mobil Corporation,USD,0000034088,US30231G1022,30231G102,New York Stock Exchange,NYSE,Oil & Gas Integrated,https://corporate.exxonmobil.com,"Exxon Mobil Corporation explores for and produces crude oil and natural gas in the United States and internationally. It operates through Upstream, Downstream, and Chemical segments. The company is also involved in the manufacture, trade, transport, and sale of crude oil, natural gas, petroleum products, petrochemicals, and other specialty products; manufactures and sells petrochemicals, including olefins, polyolefins, aromatics, and various other petrochemicals; and captures and stores carbon, hydrogen, and biofuels. As of December 31, 2021, it had approximately 20,528 net operated wells with proved reserves. The company was founded in 1870 and is headquartered in Irving, Texas.",Darren W. Woods,Energy,US,61000,972-940-6000,5959 Las Colinas Boulevard,Irving,TX,75039-2298,https://images.financialmodelingprep.com/symbol/XOM.png,1978-01-13,False,False,True,False,False,XOM,XOM
CL,83.42,67421795820,0.353,2.04,82.4-109.3,-1.03,-1.21966,5296988,4990838.0,Colgate-Palmolive Company,USD,0000021665,US1941621039,194162103,New York Stock Exchange,NYSE,Household & Personal Products,https://www.colgatepalmolive.com,"Colgate-Palmolive Company, together with its subsidiaries, manufactures and sells consumer products worldwide. The company operates through two segments, Oral, Personal and Home Care; and Pet Nutrition. The Oral, Personal and Home Care segment offers toothpaste, toothbrushes, mouthwash, bar and liquid hand soaps, shower gels, shampoos, conditioners, deodorants and antiperspirants, skin health products, dishwashing detergents, fabric conditioners, household cleaners, and other related items. This segment markets and sells its products under various brands, which include Colgate, Darlie, elmex, hello, meridol, Sorriso, Tom's of Maine, Irish Spring, Palmolive, Protex, Sanex, Softsoap, Lady Speed Stick, Speed Stick, EltaMD, Filorga, PCA SKIN, Ajax, Axion, Fabuloso, Murphy, Suavitel, Soupline, and Cuddly to a range of traditional and eCommerce retailers, wholesalers, and distributors. It also includes pharmaceutical products for dentists and other oral health professionals. The Pet Nutrition segment offers pet nutrition products for everyday nutritional needs under the Hill's Science Diet brand; and a range of therapeutic products to manage disease conditions in dogs and cats under the Hill's Prescription Diet brand. This segment markets and sells its products through pet supply retailers, veterinarians, and eCommerce retailers. Colgate-Palmolive Company was founded in 1806 and is headquartered in New York, New York.",Noel R. Wallace,Consumer Defensive,US,34000,212 310 2000,300 Park Avenue,New York City,NY,10022-7499,https://images.financialmodelingprep.com/symbol/CL.png,1973-05-02,False,False,True,False,False,CL,CL
WFC,81.98,262618011200,1.196,1.8,50.22-84.83,-0.52,-0.6303,13949029,16877423.0,Wells Fargo & Company,USD,0000072971,US9497461015,949746101,New York Stock Exchange,NYSE,Banks - Diversified,https://www.wellsfargo.com,"Wells Fargo & Company, a diversified financial services company, provides banking, investment, mortgage, and consumer and commercial finance products and services in the United States and internationally. It operates through four segments: Consumer Banking and Lending; Commercial Banking; Corporate and Investment Banking; and Wealth and Investment Management. The Consumer Banking and Lending segment offers diversified financial products and services for consumers and small businesses. Its financial products and services include checking and savings accounts, and credit and debit cards, as well as home, auto, personal, and small business lending services. The Commercial Banking segment provides financial solutions to private, family owned, and certain public companies. Its products and services include banking and credit products across various industry sectors and municipalities, secured lending and lease products, and treasury management services. The Corporate and Investment Banking segment offers a suite of capital markets, banking, and financial products and services to corporate, commercial real estate, government, and institutional clients. Its products and services comprise corporate banking, investment banking, treasury management, commercial real estate lending and servicing, equity, and fixed income solutions, as well as sales, trading, and research capabilities services. The Wealth and Investment Management segment provides personalized wealth management, brokerage, financial planning, lending, private banking, and trust and fiduciary products and services to affluent, high-net worth, and ultra-high-net worth clients. It also operates through financial advisors. Wells Fargo & Company was founded in 1852 and is headquartered in San Francisco, California.",Charles W. Scharf,Financial Services,US,215367,866 249 3302,420 Montgomery Street,San Francisco,CA,94104,https://images.financialmodelingprep.com/symbol/WFC.png,1972-06-01,False,False,True,False,False,WFC,WFC
CVX,159.32,326190174800,0.841,6.76,132.04-168.96,0.08,0.05023863,6495751,10108831.0,Chevron Corporation,USD,0000093410,US1667641005,166764100,New York Stock Exchange,NYSE,Oil & Gas Integrated,https://www.chevron.com,"Chevron Corporation, through its subsidiaries, engages in integrated energy and chemicals operations worldwide. The company operates in two segments, Upstream and Downstream. The Upstream segment is involved in the exploration, development, production, and transportation of crude oil and natural gas; processing, liquefaction, transportation, and regasification associated with liquefied natural gas; transportation of crude oil through pipelines; and transportation, storage, and marketing of natural gas, as well as operates a gas-to-liquids plant. The Downstream segment engages in refining crude oil into petroleum products; marketing crude oil, refined products, and lubricants; manufacturing and marketing of renewable fuels; transporting crude oil and refined products by pipeline, marine vessel, motor equipment, and rail car; and manufacturing and marketing of commodity petrochemicals, plastics for industrial uses, and fuel and lubricant additives. It is also involved in the cash management and debt financing activities; insurance operations; real estate activities; and technology businesses. The company was formerly known as ChevronTexaco Corporation and changed its name to Chevron Corporation in 2005. Chevron Corporation was founded in 1879 and is based in San Ramon, California.",Michael K. Wirth,Energy,US,45298,925 842 1000,6001 Bollinger Canyon Road,San Ramon,CA,94583-2324,https://images.financialmodelingprep.com/symbol/CVX.png,1921-06-24,False,False,True,False,False,CVX,CVX
COP,98.45,122958143000,0.677,3.12,79.88-116.08,0.55,0.5618,3004842,7510600.0,ConocoPhillips,USD,0001163165,US20825C1045,20825C104,New York Stock Exchange,NYSE,Oil & Gas Exploration & Production,https://www.conocophillips.com,"ConocoPhillips explores for, produces, transports, and markets crude oil, bitumen, natural gas, liquefied natural gas (LNG), and natural gas liquids worldwide. It primarily engages in the conventional and tight oil reservoirs, shale gas, heavy oil, LNG, oil sands, and other production operations. The company's portfolio includes unconventional plays in North America; conventional assets in North America, Europe, Asia, and Australia; various LNG developments; oil sands assets in Canada; and an inventory of conventional and unconventional exploration prospects. ConocoPhillips was founded in 1917 and is headquartered in Houston, Texas.",Ryan M. Lance,Energy,US,11800,281 293 1000,925 North Eldridge Parkway,Houston,TX,77079-2703,https://images.financialmodelingprep.com/symbol/COP.png,1981-12-31,False,False,True,False,False,COP,COP
INTC,24.93,109118610000,1.218,0.125,17.67-27.55,0.08,0.32193,59468960,104647266.0,Intel Corporation,USD,0000050863,US4581401001,458140100,NASDAQ Global Select,NASDAQ,Semiconductors,https://www.intel.com,"Intel Corporation engages in the design, manufacture, and sale of computer products and technologies worldwide. The company operates through CCG, DCG, IOTG, Mobileye, NSG, PSG, and All Other segments. It offers platform products, such as central processing units and chipsets, and system-on-chip and multichip packages; and non-platform or adjacent products, including accelerators, boards and systems, connectivity products, graphics, and memory and storage products. The company also provides high-performance compute solutions for targeted verticals and embedded applications for retail, industrial, and healthcare markets; and solutions for assisted and autonomous driving comprising compute platforms, computer vision and machine learning-based sensing, mapping and localization, driving policy, and active sensors. In addition, it offers workload-optimized platforms and related products for cloud service providers, enterprise and government, and communications service providers. The company serves original equipment manufacturers, original design manufacturers, and cloud service providers. Intel Corporation has a strategic partnership with MILA to develop and apply advances in artificial intelligence methods for enhancing the search in the space of drugs. The company was incorporated in 1968 and is headquartered in Santa Clara, California.",Lip-Bu Tan,Technology,US,108900,408 765 8080,2200 Mission College Boulevard,Santa Clara,CA,95054-1549,https://images.financialmodelingprep.com/symbol/INTC.png,1980-03-17,False,False,True,False,False,INTC,INTC
UNP,222.35,131862444000,1.054,5.36,204.66-258.07,1.4,0.63363,6299098,4456322.8,Union Pacific Corporation,USD,0000100885,US9078181081,907818108,New York Stock Exchange,NYSE,Railroads,https://www.up.com,"Union Pacific Corporation, through its subsidiary, Union Pacific Railroad Company, operates in the railroad business in the United States. The company offers transportation services for grain and grain products, fertilizers, food and refrigerated products, and coal and renewables to grain processors, animal feeders, ethanol producers, and other agricultural users; petroleum, and liquid petroleum gases; and construction products, industrial chemicals, plastics, forest products, specialized products, metals and ores, soda ash, and sand, as well as finished automobiles, automotive parts, and merchandise in intermodal containers. As of December 31, 2021, its rail network included 32,452 route miles connecting Pacific Coast and Gulf Coast ports with the Midwest and Eastern United States gateways. The company was founded in 1862 and is headquartered in Omaha, Nebraska.",Vincenzo James Vena,Industrials,US,30146,402 544 5000,1400 Douglas Street,Omaha,NE,68179,https://images.financialmodelingprep.com/symbol/UNP.png,1980-01-02,False,False,True,False,False,UNP,UNP
UPS,87.27,73967427529,1.097,6.55,84.28-145.01,-0.59,-0.67152,7614952,6725739.0,"United Parcel Service, Inc.",USD,0001090727,US9113121068,911312106,New York Stock Exchange,NYSE,Integrated Freight & Logistics,https://www.ups.com,"United Parcel Service, Inc. provides letter and package delivery, transportation, logistics, and related services. It operates through two segments, U.S. Domestic Package and International Package. The U.S. Domestic Package segment offers time-definite delivery of letters, documents, small packages, and palletized freight through air and ground services in the United States. The International Package segment provides guaranteed day and time-definite international shipping services in Europe, the Asia Pacific, Canada and Latin America, the Indian sub-continent, the Middle East, and Africa. This segment offers guaranteed time-definite express options. The company also provides international air and ocean freight forwarding, customs brokerage, distribution and post-sales, and mail and consulting services in approximately 200 countries and territories. In addition, it offers truckload brokerage services; supply chain solutions to the healthcare and life sciences industry; shipping, visibility, and billing technologies; and financial and insurance services. The company operates a fleet of approximately 121,000 package cars, vans, tractors, and motorcycles; and owns 59,000 containers that are used to transport cargo in its aircraft. United Parcel Service, Inc. was founded in 1907 and is headquartered in Atlanta, Georgia.",Carol B. Tome,Industrials,US,490000,404 828 6000,"55 Glenlake Parkway, N.E.",Atlanta,GA,30328,https://images.financialmodelingprep.com/symbol/UPS.png,1999-11-10,False,False,True,False,False,UPS,UPS
CSCO,69.43,274942800000,0.909,1.62,47.85-72.55,0.99,1.44652,15116221,20396931.0,"Cisco Systems, Inc.",USD,0000858877,US17275R1023,17275R102,NASDAQ Global Select,NASDAQ,Communication Equipment,https://www.cisco.com,"Cisco Systems, Inc. designs, manufactures, and sells Internet Protocol based networking and other products related to the communications and information technology industry in the Americas, Europe, the Middle East, Africa, the Asia Pacific, Japan, and China. The company also offers switching portfolio encompasses campus switching as well as data center switching; enterprise routing portfolio interconnects public and private wireline and mobile networks, delivering highly secure, and reliable connectivity to campus, data center and branch networks; and wireless products include indoor and outdoor wireless coverage designed for seamless roaming use of voice, video, and data applications. In addition, it provides security, which comprising network security, identity and access management, secure access service edge, and threat intelligence, detection, and response offerings; collaboration products, such as Webex Suite, collaboration devices, contact center, and communication platform as a service; end-to-end collaboration solutions that can be delivered from the cloud, on-premise or within hybrid cloud environments allowing customers to transition their collaboration solutions from on-premise to the cloud; and observability offers network assurance, monitoring and analytics and observability suite. Further, the company offers a range of service and support options for its customers, including technical support and advanced services and advisory services. It serves businesses of various sizes, public institutions, governments, and service providers. The company sells its products and services directly, as well as through systems integrators, service providers, other resellers, and distributors. Cisco Systems, Inc. has strategic alliances with other companies. Cisco Systems, Inc. was incorporated in 1984 and is headquartered in San Jose, California.",Charles H. Robbins,Technology,US,90400,(408) 526-4000,170 West Tasman Drive,San Jose,CA,95134-1706,https://images.financialmodelingprep.com/symbol/CSCO.png,1990-02-16,False,False,True,False,False,CSCO,CSCO
NKE,77.92,115081646996,1.276,1.57,52.28-90.62,-0.14,-0.17935,5900313,14837573.0,"NIKE, Inc.",USD,0000320187,US6541061031,654106103,New York Stock Exchange,NYSE,Apparel - Footwear & Accessories,https://investors.nike.com,"NIKE, Inc., together with its subsidiaries, designs, develops, markets, and sells men's, women's, and kids athletic footwear, apparel, equipment, and accessories worldwide. The company provides athletic and casual footwear, apparel, and accessories under the Jumpman trademark; and casual sneakers, apparel, and accessories under the Converse, Chuck Taylor, All Star, One Star, Star Chevron, and Jack Purcell trademarks. In addition, it sells a line of performance equipment and accessories comprising bags, socks, sport balls, eyewear, timepieces, digital devices, bats, gloves, protective equipment, and other equipment for sports activities under the NIKE brand; and various plastic products to other manufacturers. The company markets apparel with licensed college and professional team, and league logos, as well as sells sports apparel. Additionally, it licenses unaffiliated parties to manufacture and sell apparel, digital devices, and applications and other equipment for sports activities under NIKE-owned trademarks. The company sells its products to footwear stores; sporting goods stores; athletic specialty stores; department stores; skate, tennis, and golf shops; and other retail accounts through NIKE-owned retail stores, digital platforms, independent distributors, licensees, and sales representatives. The company was formerly known as Blue Ribbon Sports, Inc. and changed its name to NIKE, Inc. in 1971. NIKE, Inc. was founded in 1964 and is headquartered in Beaverton, Oregon.",Elliott J. Hill,Consumer Cyclical,US,79400,503 671 6453,One Bowerman Drive,Beaverton,OR,97005-6453,https://images.financialmodelingprep.com/symbol/NKE.png,1980-12-02,False,False,True,False,False,NKE,NKE
GE,276.0,292681440000,1.447,1.28,159.36-281.5,2.65,0.96945,2525670,6204314.0,GE Aerospace,USD,0000040545,US3696043013,369604301,New York Stock Exchange,NYSE,Aerospace & Defense,https://www.geaerospace.com,"GE Aerospace is an American aircraft company, which engages in the provision of jet and turboprop engines, as well as integrated systems for commercial, military, business, and general aviation aircraft. The firm's portfolio of brands includes Avio Aero, Unison, GE Additive, and Dowty Propellers. It operates through the Commercial Engines & Services and Defense & Propulsion Technologies segments. The Commercial Engines & Services segment is involved in the design, development, manufacturing, and servicing of jet engines for commercial airframes, as well as business aviation and aeroderivative applications. The Defense & Propulsion Technologies segment offers defense engines and critical aircraft systems. The company was founded by Thomas Alva Edison in 1878 and is headquartered in Evendale, OH.",H. Lawrence Culp Jr.,Industrials,US,53000,617-443-3000,1 Neumann Way,Evendale,OH,45215,https://images.financialmodelingprep.com/symbol/GE.png,1962-01-02,False,False,True,False,False,GE,GE
PEP,146.98,201227378400,0.457,5.4875,127.6-179.73,-0.66,-0.44703,9239039,9563014.0,"PepsiCo, Inc.",USD,0000077476,US7134481081,713448108,NASDAQ Global Select,NASDAQ,Beverages - Non-Alcoholic,https://www.pepsico.com,"PepsiCo, Inc. manufactures, markets, distributes, and sells various beverages and convenient foods worldwide. The company operates through seven segments: Frito-Lay North America; Quaker Foods North America; PepsiCo Beverages North America; Latin America; Europe; Africa, Middle East and South Asia; and Asia Pacific, Australia and New Zealand and China Region. It provides dips, cheese-flavored snacks, and spreads, as well as corn, potato, and tortilla chips; cereals, rice, pasta, mixes and syrups, granola bars, grits, oatmeal, rice cakes, simply granola, and side dishes; beverage concentrates, fountain syrups, and finished goods; ready-to-drink tea, coffee, and juices; dairy products; and sparkling water makers and related products. It serves wholesale and other distributors, foodservice customers, grocery stores, drug stores, convenience stores, discount/dollar stores, mass merchandisers, membership stores, hard discounters, e-commerce retailers and authorized independent bottlers, and others through a network of direct-store-delivery, customer warehouse, and distributor networks, as well as directly to consumers through e-commerce platforms and retailers. The company was founded in 1898 and is headquartered in Purchase, New York.",Ramon Luis Laguarta,Consumer Defensive,US,319000,914 253 2000,700 Anderson Hill Road,Purchase,NY,10577,https://images.financialmodelingprep.com/symbol/PEP.png,1972-06-01,False,False,True,False,False,PEP,PEP
LLY,731.96,692768665720,0.436,6.0,623.78-969.65,-2.21,-0.30102,3110237,4442990.0,Eli Lilly and Company,USD,0000059478,US5324571083,532457108,New York Stock Exchange,NYSE,Drug Manufacturers - General,https://www.lilly.com,"Eli Lilly and Company discovers, develops, and markets human pharmaceuticals worldwide. It offers Basaglar, Humalog, Humalog Mix 75/25, Humalog U-100, Humalog U-200, Humalog Mix 50/50, insulin lispro, insulin lispro protamine, insulin lispro mix 75/25, Humulin, Humulin 70/30, Humulin N, Humulin R, and Humulin U-500 for diabetes; and Jardiance, Trajenta, and Trulicity for type 2 diabetes. The company provides Alimta for non-small cell lung cancer (NSCLC) and malignant pleural mesothelioma; Cyramza for metastatic gastric cancer, gastro-esophageal junction adenocarcinoma, metastatic NSCLC, metastatic colorectal cancer, and hepatocellular carcinoma; Erbitux for colorectal cancers, and various head and neck cancers; Retevmo for metastatic NSCLC, medullary thyroid cancer, and thyroid cancer; Tyvyt for relapsed or refractory classic Hodgkin's lymph and non-squamous NSCLC; and Verzenio for HR+, HER2- metastatic breast cancer, node positive, and early breast cancer. It offers Olumiant for rheumatoid arthritis; and Taltz for plaque psoriasis, psoriatic arthritis, ankylosing spondylitis, and non-radiographic axial spondylarthritis. The company offers Cymbalta for depressive disorder, diabetic peripheral neuropathic pain, generalized anxiety disorder, fibromyalgia, and chronic musculoskeletal pain; Emgality for migraine prevention and episodic cluster headache; and Zyprexa for schizophrenia, bipolar I disorder, and bipolar maintenance. Its Bamlanivimab and etesevimab, and Bebtelovimab for COVID-19; Cialis for erectile dysfunction and benign prostatic hyperplasia; and Forteo for osteoporosis. The company has collaborations with Incyte Corporation; Boehringer Ingelheim Pharmaceuticals, Inc.; AbCellera Biologics Inc.; Junshi Biosciences; Regor Therapeutics Group; Lycia Therapeutics, Inc.; Kumquat Biosciences Inc.; Entos Pharmaceuticals Inc.; and Foghorn Therapeutics Inc. Eli Lilly and Company was founded in 1876 and is headquartered in Indianapolis, Indiana.",David A. Ricks,Healthcare,US,47000,317 276 2000,Lilly Corporate Center,Indianapolis,IN,46285,https://images.financialmodelingprep.com/symbol/LLY.png,1972-06-01,False,False,True,False,False,LLY,LLY
SPGI,547.55,167167015000,1.188,3.79,427.14-579.05,-2.32,-0.42192,1031936,1140101.0,S&P Global Inc.,USD,0000064040,US78409V1044,78409V104,New York Stock Exchange,NYSE,Financial - Data & Stock Exchanges,https://www.spglobal.com,"S&P Global Inc., together with its subsidiaries, provides credit ratings, benchmarks, analytics, and workflow solutions in the global capital, commodity, and automotive markets. It operates in six divisions: S&P Global Ratings, S&P Dow Jones Indices, S&P Global Commodity Insights, S&P Global Market Intelligence, S&P Global Mobility, and S&P Global Engineering Solutions. The S&P Global Ratings division operates as an independent provider of credit ratings, research, and analytics, offering investors and other market participants information, ratings, and benchmarks. The S&P Dow Jones Indices division is an index provider that maintains various valuation and index benchmarks for investment advisors, wealth managers, and institutional investors. The S&P Global Commodity Insights division offers data and insights for global energy and commodity markets and enable its customers to make decisions. The S&P Global Market Intelligence division delivers data and technology solutions for customers to provide insights for making decisions. It offers data and services that bring end-to-end workflow solutions, including capital formation, data and distribution, ESG and sustainability, leveraged loans, private markets, sector coverage, supply chain, and issuer solutions, as well as credit, risk, and regulatory solutions. The S&P Global Mobility division provides insights derived from unmatched automotive data, enabling its customers to anticipate change and make decisions. The S&P Global Engineering Solutions division offers engineering expertise and solutions in industries, such as aerospace and defense, energy, architecture, construction, and transportation. Its solutions empower business and technical leaders to transform workflows and make decisions. S&P Global Inc. was founded in 1860 and is headquartered in New York, New York.",Martina L. Cheung,Financial Services,US,42350,212 438 1000,55 Water Street,New York City,NY,10041,https://images.financialmodelingprep.com/symbol/SPGI.png,2016-04-28,False,False,True,False,False,SPGI,SPGI
TXN,204.09,185545770330,1.022,5.44,139.95-221.69,-1.38,-0.67163,5972314,6513993.0,Texas Instruments Incorporated,USD,0000097476,US8825081040,882508104,NASDAQ Global Select,NASDAQ,Semiconductors,https://www.ti.com,"Texas Instruments Incorporated designs, manufactures, and sells semiconductors to electronics designers and manufacturers worldwide. It operates in two segments, Analog and Embedded Processing. The Analog segment offers power products to manage power requirements in various levels using battery-management solutions, DC/DC switching regulators, AC/DC and isolated controllers and converters, power switches, linear regulators, voltage supervisors, voltage references, and lighting products. This segment also provides signal chain products that sense, condition, and measure signals to allow information to be transferred or converted for further processing and control for use in end markets, including amplifiers, data converters, interface products, motor drives, clocks, and sensing products. The Embedded Processing segment offers microcontrollers that are used in electronic equipment; digital signal processors for mathematical computations; and applications processors for specific computing activity. This segment offers products for use in various markets, such as industrial, automotive, personal electronics, communications equipment, enterprise systems, and calculators and other. The company also provides DLP products primarily for use in projectors to create high-definition images; calculators; and application-specific integrated circuits. It markets and sells its semiconductor products through direct sales and distributors, as well as through its website. Texas Instruments Incorporated was founded in 1930 and is headquartered in Dallas, Texas.",Haviv Ilan,Technology,US,34000,214 479 3773,12500 TI Boulevard,Dallas,TX,75243,https://images.financialmodelingprep.com/symbol/TXN.png,1972-06-01,False,False,True,False,False,TXN,TXN
NEE,72.09,148454216100,0.616,2.7295,61.72-86.1,-1.8,-2.43605,8028356,10719323.1,"NextEra Energy, Inc.",USD,0000753308,US65339F1012,65339F101,New York Stock Exchange,NYSE,Regulated Electric,https://www.nexteraenergy.com,"NextEra Energy, Inc., through its subsidiaries, generates, transmits, distributes, and sells electric power to retail and wholesale customers in North America. The company generates electricity through wind, solar, nuclear, coal, and natural gas facilities. It also develops, constructs, and operates long-term contracted assets that consists of clean energy solutions, such as renewable generation facilities, battery storage projects, and electric transmission facilities; sells energy commodities; and owns, develops, constructs, manages and operates electric generation facilities in wholesale energy markets. As of December 31, 2021, the company had approximately 28,564 megawatts of net generating capacity; approximately 77,000 circuit miles of transmission and distribution lines; and 696 substations. It serves approximately 11 million people through approximately 5.7 million customer accounts in the east and lower west coasts of Florida. The company was formerly known as FPL Group, Inc. and changed its name to NextEra Energy, Inc. in 2010. The company was founded in 1925 and is headquartered in Juno Beach, Florida.",John W. Ketchum,Utilities,US,16800,561 694 4000,700 Universe Boulevard,Juno Beach,FL,33408,https://images.financialmodelingprep.com/symbol/NEE.png,2014-06-19,False,False,True,False,False,NEE,NEE
CAT,434.91,203746201890,1.397,5.74,267.3-441.15,2.24,0.51772,1636147,2810046.0,Caterpillar Inc.,USD,0000018230,US1491231015,149123101,New York Stock Exchange,NYSE,Agricultural - Machinery,https://www.caterpillar.com,"Caterpillar Inc. manufactures and sells construction and mining equipment, diesel and natural gas engines, and industrial gas turbines worldwide. Its Construction Industries segment offers asphalt pavers, backhoe loaders, compactors, cold planers, compact track and multi-terrain loaders, excavators, motorgraders, pipelayers, road reclaimers, site prep tractors, skid steer loaders, telehandlers, and utility vehicles; mini, small, medium, and large excavators; compact, small, and medium wheel loaders; track-type tractors and loaders; and wheel excavators. The Resource Industries segment provides electric rope shovels, draglines, hydraulic shovels, rotary drills, hard rock vehicles, track-type tractors, mining trucks, longwall miners, wheel loaders, off-highway trucks, articulated trucks, wheel tractor scrapers, wheel dozers, fleet management, landfill compactors, soil compactors, machinery components, autonomous ready vehicles and solutions, select work tools, and safety services and mining performance solutions. The Energy & Transportation segment offers reciprocating engines, generator sets, integrated systems and solutions, turbines and turbine-related services, remanufactured reciprocating engines and components, centrifugal gas compressors, diesel-electric locomotives and components, and other rail-related products and services for marine, oil and gas, industrial, and electric power generation sectors. The company's Financial Products segment provides operating and finance leases, installment sale contracts, working capital loans, and wholesale financing plans; and insurance and risk management products for vehicles, power generation facilities, and marine vessels. The All Other operating segment manufactures filters and fluids, undercarriage, ground engaging tools, etc. The company was formerly known as Caterpillar Tractor Co. and changed its name to Caterpillar Inc. in 1986. The company was founded in 1925 and is headquartered in Deerfield, Illinois.",Joseph E. Creed CPA,Industrials,US,112900,224-551-4000,510 Lake Cook Road,Deerfield,IL,60015,https://images.financialmodelingprep.com/symbol/CAT.png,1929-12-02,False,False,True,False,False,CAT,CAT
SCHW,97.09,176239709800,0.955,1.06,61.16-99.59,0.22,0.22711,4819166,8186126.0,The Charles Schwab Corporation,USD,0000316709,US8085131055,808513105,New York Stock Exchange,NYSE,Financial - Capital Markets,https://www.schwab.com,"The Charles Schwab Corporation, together with its subsidiaries, provides wealth management, securities brokerage, banking, asset management, custody, and financial advisory services. The company operates in two segments, Investor Services and Advisor Services. The Investor Services segment provides retail brokerage, investment advisory, banking and trust, retirement plan, and other corporate brokerage services; equity compensation plan sponsors full-service recordkeeping for stock plans, stock options, restricted stock, performance shares, and stock appreciation rights; and retail investor and mutual fund clearing services, as well as compliance solutions. The Advisor Services segment offers custodial, trading, banking, and support services; and retirement business and corporate brokerage retirement services. This segment provides brokerage accounts with equity and fixed income, margin lending, options, and futures and forex trading; cash management capabilities comprising third-party certificates of deposit; third-party and proprietary mutual funds; plus mutual fund trading and clearing services; and exchange-traded funds (ETFs), including proprietary and third-party ETFs. It also offers advice solutions, such as managed portfolios of proprietary and third-party mutual funds and ETFs, separately managed accounts, customized personal advice for tailored portfolios, and specialized planning and portfolio management. In addition, this segment provides banking products and services, including checking and savings accounts, first lien residential real estate mortgage loans, home equity lines of credit, and pledged asset lines; and trust services comprising trust custody services, personal trust reporting services, and administrative trustee services. As of December 31, 2021, the Company had approximately 400 domestic branch offices in 48 states and the District of Columbia, as well as locations in Puerto Rico, the United Kingdom, Hong Kong, and Singapore. The Charles Schwab Corporation was incorporated in 1971 and is headquartered in Westlake, Texas.",Richard Andrew Wurster CMT,Financial Services,US,32100,817 859 5000,3000 Schwab Way,Westlake,TX,76262,https://images.financialmodelingprep.com/symbol/SCHW.png,1987-09-22,False,False,True,False,False,SCHW,SCHW
RTX,160.66,215049836400,0.672,2.62,112.27-161.26,0.82,0.51301,2215396,5111074.0,RTX Corporation,USD,0000101829,US75513E1010,75513E101,New York Stock Exchange,NYSE,Aerospace & Defense,https://www.rtx.com,"RTX Corporation, an aerospace and defense company, provides systems and services for the commercial, military, and government customers in the United States and internationally. It operates through three segments: Collins Aerospace, Pratt & Whitney, and Raytheon. The Collins Aerospace Systems segment offers aerospace and defense products, and aftermarket service solutions for civil and military aircraft manufacturers and commercial airlines, as well as regional, business, and general aviation, defense, and commercial space operations. This segment also designs, produces, and supports cabin interior, including oxygen systems, food and beverage preparation, storage and galley systems, and lavatory and wastewater management systems; battlespace, test and training range systems, crew escape systems, and simulation and training solutions; information management services; and aftermarket services that include spare parts, overhaul and repair, engineering and technical support, training and fleet management solutions, and asset and information management services. Its Pratt & Whitney segment supplies aircraft engines for commercial, military, business jet, and general aviation customers; and produces, sells, and services military and commercial auxiliary power units. The Raytheon segment provides defensive and offensive threat detection, tracking, and mitigation capabilities for U.S., foreign government, and commercial customers. The company was formerly known as Raytheon Technologies Corporation and changed its name to RTX Corporation in July 2023. RTX Corporation was incorporated in 1934 and is headquartered in Arlington, Virginia.",Christopher T. Calio,Industrials,US,185000,781 522 3000,1000 Wilson Boulevard,Arlington,VA,22209,https://images.financialmodelingprep.com/symbol/RTX.png,1952-09-15,False,False,True,False,False,RTX,RTX
MCD,312.22,222801440880,0.521,6.98,276.53-326.32,0.79,0.25367,3468050,3671626.0,McDonald's Corporation,USD,0000063908,US5801351017,580135101,New York Stock Exchange,NYSE,Restaurants,https://corporate.mcdonalds.com,"McDonald's Corporation operates and franchises McDonald's restaurants in the United States and internationally. Its restaurants offer hamburgers and cheeseburgers, chicken sandwiches and nuggets, wraps, fries, salads, oatmeal, shakes, desserts, sundaes, soft serve cones, bakery items, soft drinks, coffee, and beverages and other beverages, as well as breakfast menu, including biscuit and bagel sandwiches, breakfast burritos, hotcakes, and other sandwiches. As of December 31, 2021, the company operated 40,031 restaurants. McDonald's Corporation was founded in 1940 and is headquartered in Chicago, Illinois.",Christopher J. Kempczinski,Consumer Cyclical,US,150000,630 623 3000,110 North Carpenter Street,Chicago,IL,60607,https://images.financialmodelingprep.com/symbol/MCD.png,1965-04-21,False,False,True,False,False,MCD,MCD
JPM,301.07,827867232500,1.107,5.3,200.61-301.29,1.79,0.5981,6399794,8348620.0,JPMorgan Chase & Co.,USD,0000019617,US46625H1005,46625H100,New York Stock Exchange,NYSE,Banks - Diversified,https://www.jpmorganchase.com,"JPMorgan Chase & Co. operates as a financial services company worldwide. It operates through four segments: Consumer & Community Banking (CCB), Corporate & Investment Bank (CIB), Commercial Banking (CB), and Asset & Wealth Management (AWM). The CCB segment offers s deposit, investment and lending products, payments, and services to consumers; lending, deposit, and cash management and payment solutions to small businesses; mortgage origination and servicing activities; residential mortgages and home equity loans; and credit card, auto loan, and leasing services. The CIB segment provides investment banking products and services, including corporate strategy and structure advisory, and equity and debt markets capital-raising services, as well as loan origination and syndication; payments and cross-border financing; and cash and derivative instruments, risk management solutions, prime brokerage, and research. This segment also offers securities services, including custody, fund accounting and administration, and securities lending products for asset managers, insurance companies, and public and private investment funds. The CB segment provides financial solutions, including lending, payments, investment banking, and asset management to small business, large and midsized companies, local governments, and nonprofit clients; and commercial real estate banking services to investors, developers, and owners of multifamily, office, retail, industrial, and affordable housing properties. The AWM segment offers multi-asset investment management solutions in equities, fixed income, alternatives, and money market funds to institutional clients and retail investors; and retirement products and services, brokerage, custody, trusts and estates, loans, mortgages, deposits, and investment management products. The company also provides ATM, online and mobile, and telephone banking services. JPMorgan Chase & Co. was founded in 1799 and is headquartered in New York, New York.",James Dimon,Financial Services,US,318477,212 270 6000,383 Madison Avenue,New York City,NY,10179,https://images.financialmodelingprep.com/symbol/JPM.png,1980-03-17,False,False,True,False,False,JPM,JPM
PAYX,138.72,49973047680,0.906,4.12,128.92-161.24,0.07,0.05048684,1680315,2346747.0,"Paychex, Inc.",USD,0000723531,US7043261079,704326107,NASDAQ Global Select,NASDAQ,Staffing & Employment Services,https://www.paychex.com,"Paychex, Inc. provides integrated human capital management solutions for human resources (HR), payroll, benefits, and insurance services for small to medium-sized businesses in the United States, Europe, and India. It offers payroll processing services; payroll tax administration services; employee payment services; and regulatory compliance services, such as new-hire reporting and garnishment processing. The company also provides HR solutions, including payroll, employer compliance, HR and employee benefits administration, risk management outsourcing, and the on-site availability of a professionally trained HR representative; and retirement services administration, including plan implementation, ongoing compliance with government regulations, employee and employer reporting, participant and employer online access, electronic funds transfer, and other administrative services. In addition, it offers cloud-based HR administration software products for employee benefits management and administration, time and attendance, digital communication solutions, recruiting, and onboarding solutions; plan administration outsourcing and state unemployment insurance services; various business services to small to medium-sized businesses comprising payroll funding and outsourcing services, which include payroll processing, invoicing, and tax preparation; and payment processing services, financial fitness programs, and a small-business loan resource center. Further, the company provides insurance services for property and casualty coverage, such as workers' compensation, business-owner policies, cyber security protection, and commercial auto, as well as health and benefits coverage, including health, dental, vision, and life. It markets and sells its services primarily through its direct sales force. The company was founded in 1971 and is headquartered in Rochester, New York.",John B. Gibson Jr.,Industrials,US,16500,585 385 6666,911 Panorama Trail South,Rochester,NY,14625-2396,https://images.financialmodelingprep.com/symbol/PAYX.png,1983-08-26,False,False,True,False,False,PAYX,PAYX
AMZN,231.6,2469990840000,1.314,0.0,161.38-242.52,2.48,1.0824,29240304,41758500.0,"Amazon.com, Inc.",USD,0001018724,US0231351067,023135106,NASDAQ Global Select,NASDAQ,Specialty Retail,https://www.amazon.com,"Amazon.com, Inc. engages in the retail sale of consumer products and subscriptions through online and physical stores in North America and internationally. The company operates through three segments: North America, International, and Amazon Web Services (AWS). Its products offered through its stores include merchandise and content purchased for resale; and products offered by third-party sellers The company also manufactures and sells electronic devices, including Kindle, Fire tablets, Fire TVs, Rings, Blink, eero, and Echo; and develops and produces media content. In addition, it offers programs that enable sellers to sell their products in its stores; and programs that allow authors, musicians, filmmakers, Twitch streamers, skill and app developers, and others to publish and sell content. Further, the company provides compute, storage, database, analytics, machine learning, and other services, as well as fulfillment, advertising, and digital content subscriptions. Additionally, it offers Amazon Prime, a membership program. The company serves consumers, sellers, developers, enterprises, content creators, and advertisers. Amazon.com, Inc. was incorporated in 1994 and is headquartered in Seattle, Washington.",Andrew R. Jassy,Consumer Cyclical,US,1560000,206 266 1000,410 Terry Avenue North,Seattle,WA,98109-5210,https://images.financialmodelingprep.com/symbol/AMZN.png,1997-05-15,False,False,True,False,False,AMZN,AMZN
LMT,456.18,106502063700,0.262,13.05,410.11-618.95,1.71,0.37626,987394,1787642.0,Lockheed Martin Corporation,USD,0000936468,US5398301094,539830109,New York Stock Exchange,NYSE,Aerospace & Defense,https://www.lockheedmartin.com,"Lockheed Martin Corporation, a security and aerospace company, engages in the research, design, development, manufacture, integration, and sustainment of technology systems, products, and services worldwide. It operates through four segments: Aeronautics, Missiles and Fire Control, Rotary and Mission Systems, and Space. The Aeronautics segment offers combat and air mobility aircraft, unmanned air vehicles, and related technologies. The Missiles and Fire Control segment provides air and missile defense systems; tactical missiles and air-to-ground precision strike weapon systems; logistics; fire control systems; mission operations support, readiness, engineering support, and integration services; manned and unmanned ground vehicles; and energy management solutions. The Rotary and Mission Systems segment offers military and commercial helicopters, surface ships, sea and land-based missile defense systems, radar systems, sea and air-based mission and combat systems, command and control mission solutions, cyber solutions, and simulation and training solutions. The Space segment offers satellites; space transportation systems; strategic, advanced strike, and defensive missile systems; and classified systems and services in support of national security systems. This segment also provides network-enabled situational awareness and integrates space and ground-based systems to help its customers gather, analyze, and securely distribute critical intelligence data. It serves primarily serves the U.S. government, as well as foreign military sales contracted through the U.S. government. Lockheed Martin Corporation was founded in 1912 and is headquartered in Bethesda, Maryland.",James D. Taiclet Jr.,Industrials,US,121000,301 897 6000,6801 Rockledge Drive,Bethesda,MD,20817,https://images.financialmodelingprep.com/symbol/LMT.png,1977-01-03,False,False,True,False,False,LMT,LMT
DELL,134.05,91001328846,1.095,1.94,66.25-147.66,1.55,1.16981,7226820,5382561.0,Dell Technologies Inc.,USD,0001571996,US24703L2025,24703L202,New York Stock Exchange,NYSE,Computer Hardware,https://www.delltechnologies.com,"Dell Technologies Inc. designs, develops, manufactures, markets, sells, and supports information technology (IT) solutions, products, and services worldwide. The company operates through three segments: Infrastructure Solutions Group (ISG), Client Solutions Group (CSG), and VMware. The ISG segment provides traditional and next-generation storage solutions; and rack, blade, tower, and hyperscale servers. This segment also offers networking products and services that help its business customers to transform and modernize their infrastructure, mobilize and enrich end-user experiences, and accelerate business applications and processes; attached software and peripherals; and support and deployment, configuration, and extended warranty services. The CSG segment provides desktops, workstations, and notebooks; displays and projectors; attached and third-party software and peripherals, as well as support and deployment, configuration, and extended warranty services. The VMware segment supports customers in the areas of hybrid and multi-cloud, modern applications, networking, security, and digital workspaces, helping customers to manage IT resource across private clouds and complex multi-cloud, multi-device environments. Dell Technologies Inc. also provides information security; and cloud software and infrastructure-as-a-service solutions that enable customers to migrate, run, and manage mission-critical applications in cloud-based IT environments. The company was formerly known as Denali Holding Inc. and changed its name to Dell Technologies Inc. in August 2016. Dell Technologies Inc. was founded in 1984 and is headquartered in Round Rock, Texas.",Michael Saul Dell,Technology,US,108000,800 289 3355,One Dell Way,Round Rock,TX,78682,https://images.financialmodelingprep.com/symbol/DELL.png,2016-08-17,False,False,True,False,False,DELL,DELL
GS,751.22,227410069620,1.37,12.0,439.38-753.33,1.55,0.20676,1409598,2006249.0,"The Goldman Sachs Group, Inc.",USD,0000886982,US38141G1040,38141G104,New York Stock Exchange,NYSE,Financial - Capital Markets,https://www.goldmansachs.com,"The Goldman Sachs Group, Inc., a financial institution, provides a range of financial services for corporations, financial institutions, governments, and individuals worldwide. It operates through four segments: Investment Banking, Global Markets, Asset Management, and Consumer & Wealth Management. The company's Investment Banking segment provides financial advisory services, including strategic advisory assignments related to mergers and acquisitions, divestitures, corporate defense activities, restructurings, and spin-offs; and middle-market lending, relationship lending, and acquisition financing, as well as transaction banking services. This segment also offers underwriting services, such as equity underwriting for common and preferred stock and convertible and exchangeable securities; and debt underwriting for various types of debt instruments, including investment-grade and high-yield debt, bank and bridge loans, and emerging-and growth-market debt, as well as originates structured securities. Its Global Markets segment is involved in client execution activities for cash and derivative instruments; credit and interest rate products; and provision of equity intermediation and equity financing, clearing, settlement, and custody services, as well as mortgages, currencies, commodities, and equities related products. The company's Asset Management segment manages assets across various classes, including equity, fixed income, hedge funds, credit funds, private equity, real estate, currencies, and commodities; and provides customized investment advisory solutions, as well as invests in corporate, real estate, and infrastructure entities. Its Consumer & Wealth Management segment offers wealth advisory and banking services, including financial planning, investment management, deposit taking, and lending; private banking; and unsecured loans, as well as accepts saving and time deposits. The company was founded in 1869 and is headquartered in New York, New York.",David Solomon,Financial Services,US,46600,212-902-1000,200 West Street,New York City,NY,10282,https://images.financialmodelingprep.com/symbol/GS.png,1999-05-04,False,False,True,False,False,GS,GS
NFLX,1231.45,523275122700,1.589,0.0,660.8-1341.15,7.95,0.64978,1946194,3211431.0,"Netflix, Inc.",USD,0001065280,US64110L1061,64110L106,NASDAQ Global Select,NASDAQ,Entertainment,https://www.netflix.com,"Netflix, Inc. provides entertainment services. It offers TV series, documentaries, feature films, and mobile games across various genres and languages. The company provides members the ability to receive streaming content through a host of internet-connected devices, including TVs, digital video players, television set-top boxes, and mobile devices. It also provides DVDs-by-mail membership services in the United States. The company has approximately 222 million paid members in 190 countries. Netflix, Inc. was incorporated in 1997 and is headquartered in Los Gatos, California.",Theodore A. Sarandos,Communication Services,US,14000,408 540 3700,100 Winchester Circle,Los Gatos,CA,95032,https://images.financialmodelingprep.com/symbol/NFLX.png,2002-05-23,False,False,True,False,False,NFLX,NFLX
PG,155.65,364589890500,0.373,4.1266,149.91-180.43,-1.31,-0.83461,5795031,8027090.0,The Procter & Gamble Company,USD,0000080424,US7427181091,742718109,New York Stock Exchange,NYSE,Household & Personal Products,https://www.pginvestor.com,"The Procter & Gamble Company provides branded consumer packaged goods worldwide. It operates through five segments: Beauty; Grooming; Health Care; Fabric & Home Care; and Baby, Feminine & Family Care. The Beauty segment offers conditioners, shampoos, styling aids, and treatments under the Head & Shoulders, Herbal Essences, Pantene, and Rejoice brands; and antiperspirants and deodorants, personal cleansing, and skin care products under the Olay, Old Spice, Safeguard, Secret, and SK-II brands. The Grooming segment provides shave care products and appliances under the Braun, Gillette, and Venus brand names. The Health Care segment offers toothbrushes, toothpastes, and other oral care products under the Crest and Oral-B brand names; and gastrointestinal, rapid diagnostics, respiratory, vitamins/minerals/supplements, pain relief, and other personal health care products under the Metamucil, Neurobion, Pepto-Bismol, and Vicks brands. The Fabric & Home Care segment provides fabric enhancers, laundry additives, and laundry detergents under the Ariel, Downy, Gain, and Tide brands; and air care, dish care, P&G professional, and surface care products under the Cascade, Dawn, Fairy, Febreze, Mr. Clean, and Swiffer brands. The Baby, Feminine & Family Care segment offers baby wipes, taped diapers, and pants under the Luvs and Pampers brands; adult incontinence and feminine care products under the Always, Always Discreet, and Tampax brands; and paper towels, tissues, and toilet papers under the Bounty, Charmin, and Puffs brands. The company sells its products primarily through mass merchandisers, e-commerce, grocery stores, membership club stores, drug stores, department stores, distributors, wholesalers, specialty beauty stores, high-frequency stores, pharmacies, electronics stores, and professional channels, as well as directly to consumers. The Procter & Gamble Company was founded in 1837 and is headquartered in Cincinnati, Ohio.",Jon R. Moeller,Consumer Defensive,US,108000,513 983 1100,One Procter & Gamble Plaza,Cincinnati,OH,45202,https://images.financialmodelingprep.com/symbol/PG.png,1978-01-13,False,False,True,False,False,PG,PG
META,751.11,1886893506196,1.273,2.05,479.8-796.25,3.73,0.49908,7439411,12056385.0,"Meta Platforms, Inc.",USD,0001326801,US30303M1027,30303M102,NASDAQ Global Select,NASDAQ,Internet Content & Information,https://investor.fb.com,"Meta Platforms, Inc. engages in the development of products that enable people to connect and share with friends and family through mobile devices, personal computers, virtual reality headsets, and wearables worldwide. It operates in two segments, Family of Apps and Reality Labs. The Family of Apps segment offers Facebook, which enables people to share, discuss, discover, and connect with interests; Instagram, a community for sharing photos, videos, and private messages, as well as feed, stories, reels, video, live, and shops; Messenger, a messaging application for people to connect with friends, family, communities, and businesses across platforms and devices through text, audio, and video calls; and WhatsApp, a messaging application that is used by people and businesses to communicate and transact privately. The Reality Labs segment provides augmented and virtual reality related products comprising consumer hardware, software, and content that help people feel connected, anytime, and anywhere. The company was formerly known as Facebook, Inc. and changed its name to Meta Platforms, Inc. in October 2021. Meta Platforms, Inc. was incorporated in 2004 and is headquartered in Menlo Park, California.",Mark Elliot Zuckerberg,Communication Services,US,76834,650 543 4800,1601 Willow Road,Menlo Park,CA,94025,https://images.financialmodelingprep.com/symbol/META.png,2012-05-18,False,False,True,False,False,META,META
KO,68.36,294198881200,0.437,1.99,60.62-74.38,-0.47,-0.68284,9939828,15369680.0,The Coca-Cola Company,USD,0000021344,US1912161007,191216100,New York Stock Exchange,NYSE,Beverages - Non-Alcoholic,https://www.coca-colacompany.com,"The Coca-Cola Company, a beverage company, manufactures, markets, and sells various nonalcoholic beverages worldwide. The company provides sparkling soft drinks, sparkling flavors; water, sports, coffee, and tea; juice, value-added dairy, and plant-based beverages; and other beverages. It also offers beverage concentrates and syrups, as well as fountain syrups to fountain retailers, such as restaurants and convenience stores. The company sells its products under the Coca-Cola, Diet Coke/Coca-Cola Light, Coca-Cola Zero Sugar, caffeine free Diet Coke, Cherry Coke, Fanta Orange, Fanta Zero Orange, Fanta Zero Sugar, Fanta Apple, Sprite, Sprite Zero Sugar, Simply Orange, Simply Apple, Simply Grapefruit, Fresca, Schweppes, Thums Up, Aquarius, Ayataka, BODYARMOR, Ciel, Costa, Dasani, dogadan, FUZE TEA, Georgia, glacéau smartwater, glacéau vitaminwater, Gold Peak, Ice Dew, I LOHAS, Powerade, Topo Chico, AdeS, Del Valle, fairlife, innocent, Minute Maid, and Minute Maid Pulpy brands. It operates through a network of independent bottling partners, distributors, wholesalers, and retailers, as well as through bottling and distribution operators. The company was founded in 1886 and is headquartered in Atlanta, Georgia.",James Robert B. Quincey,Consumer Defensive,US,69700,404 676 2121,One Coca-Cola Plaza,Atlanta,GA,30313,https://images.financialmodelingprep.com/symbol/KO.png,1919-09-05,False,False,True,False,False,KO,KO
C,96.82,178235938000,1.366,2.28,55.51-97.49,-0.05,-0.05161557,10864578,14356844.0,Citigroup Inc.,USD,0000831001,US1729674242,172967424,New York Stock Exchange,NYSE,Banks - Diversified,https://www.citigroup.com,"Citigroup Inc., a diversified financial services holding company, provides various financial products and services to consumers, corporations, governments, and institutions in North America, Latin America, Asia, Europe, the Middle East, and Africa. The company operates in two segments, Global Consumer Banking (GCB) and Institutional Clients Group (ICG). The GCB segment offers traditional banking services to retail customers through retail banking, Citi-branded cards, and Citi retail services. It also provides various banking, credit card, lending, and investment services through a network of local branches, offices, and electronic delivery systems. The ICG segment offers wholesale banking products and services, including fixed income and equity sales and trading, foreign exchange, prime brokerage, derivative, equity and fixed income research, corporate lending, investment banking and advisory, private banking, cash management, trade finance, and securities services to corporate, institutional, public sector, and high-net-worth clients. As of December 31, 2020, it operated 2,303 branches primarily in the United States, Mexico, and Asia. Citigroup Inc. was founded in 1812 and is headquartered in New York, New York.",Jane Nind Fraser,Financial Services,US,229000,212 559 1000,388 Greenwich Street,New York City,NY,10013,https://images.financialmodelingprep.com/symbol/C.png,1977-01-03,False,False,True,False,False,C,C
PFE,24.6,139864530000,0.44,1.71,20.92-30.43,-0.47,-1.87475,43300509,40422955.0,Pfizer Inc.,USD,0000078003,US7170811035,717081103,New York Stock Exchange,NYSE,Drug Manufacturers - General,https://www.pfizer.com,"Pfizer Inc. discovers, develops, manufactures, markets, distributes, and sells biopharmaceutical products worldwide. It offers medicines and vaccines in various therapeutic areas, including cardiovascular metabolic and women's health under the Premarin family and Eliquis brands; biologics, small molecules, immunotherapies, and biosimilars under the Ibrance, Xtandi, Sutent, Inlyta, Retacrit, Lorbrena, and Braftovi brands; and sterile injectable and anti-infective medicines, and oral COVID-19 treatment under the Sulperazon, Medrol, Zavicefta, Zithromax, Vfend, Panzyga, and Paxlovid brands. The company also provides medicines and vaccines in various therapeutic areas, such as pneumococcal disease, meningococcal disease, tick-borne encephalitis, and COVID-19 under the Comirnaty/BNT162b2, Nimenrix, FSME/IMMUN-TicoVac, Trumenba, and the Prevnar family brands; biosimilars for chronic immune and inflammatory diseases under the Xeljanz, Enbrel, Inflectra, Eucrisa/Staquis, and Cibinqo brands; and amyloidosis, hemophilia, and endocrine diseases under the Vyndaqel/Vyndamax, BeneFIX, and Genotropin brands. In addition, the company is involved in the contract manufacturing business. It serves wholesalers, retailers, hospitals, clinics, government agencies, pharmacies, and individual provider offices, as well as disease control and prevention centers. The company has collaboration agreements with Bristol-Myers Squibb Company; Astellas Pharma US, Inc.; Myovant Sciences Ltd.; Akcea Therapeutics, Inc; Merck KGaA; Valneva SE; BioNTech SE; and Arvinas, Inc. Pfizer Inc. was founded in 1849 and is headquartered in New York, New York.",Albert Bourla,Healthcare,US,81000,212 733 2323,235 East 42nd Street,New York City,NY,10017,https://images.financialmodelingprep.com/symbol/PFE.png,1972-06-01,False,False,True,False,False,PFE,PFE
GOOG,212.37,2563433299914,1.014,0.81,142.66-212.9,4.16,1.99798,20476676,24606703.0,Alphabet Inc.,USD,0001652044,US02079K1079,02079K107,NASDAQ Global Select,NASDAQ,Internet Content & Information,https://abc.xyz,"Alphabet Inc. offers various products and platforms in the United States, Europe, the Middle East, Africa, the Asia-Pacific, Canada, and Latin America. It operates through Google Services, Google Cloud, and Other Bets segments. The Google Services segment provides products and services, including ads, Android, Chrome, devices, Gmail, Google Drive, Google Maps, Google Photos, Google Play, Search, and YouTube. It is also involved in the sale of apps and in-app purchases and digital content in the Google Play and YouTube; and devices, as well as in the provision of YouTube consumer subscription services. The Google Cloud segment offers infrastructure, cybersecurity, databases, analytics, AI, and other services; Google Workspace that include cloud-based communication and collaboration tools for enterprises, such as Gmail, Docs, Drive, Calendar, and Meet; and other services for enterprise customers. The Other Bets segment sells healthcare-related and internet services. The company was incorporated in 1998 and is headquartered in Mountain View, California.",Sundar Pichai,Communication Services,US,185719,650 253 0000,1600 Amphitheatre Parkway,Mountain View,CA,94043,https://images.financialmodelingprep.com/symbol/GOOG.png,2004-08-19,False,False,True,False,False,GOOG,GOOG
GM,58.49,55687042220,1.357,0.51,41.6-61.24,-0.26,-0.44255,7208907,9261825.0,General Motors Company,USD,0001467858,US37045V1008,37045V100,New York Stock Exchange,NYSE,Auto - Manufacturers,https://www.gm.com,"General Motors Company designs, builds, and sells trucks, crossovers, cars, and automobile parts and accessories in North America, the Asia Pacific, the Middle East, Africa, South America, the United States, and China. The company operates through GM North America, GM International, Cruise, and GM Financial segments. It markets its vehicles primarily under the Buick, Cadillac, Chevrolet, GMC, Holden, Baojun, and Wuling brand names. The company also sells trucks, crossovers, cars, and purpose-built vehicles to dealers for consumer retail sales, as well as to fleet customers, including daily rental car companies, commercial fleet customers, leasing companies, and governments. In addition, it offers safety and security services for retail and fleet customers, including automatic crash response, emergency services, roadside assistance, crisis assist, stolen vehicle assistance, and turn-by-turn navigation; and connected services comprising mobile applications for owners to remotely control their vehicles and electric vehicle owners to locate charging stations, on-demand vehicle diagnostics, smart driver, marketplace in-vehicle commerce, in-vehicle voice, voice assistant, navigation and app ecosystem, connected navigation, SiriusXM with 360L, and 4G LTE wireless connectivity, as well as develops and commercializes autonomous vehicle technology. Further, the company provides automotive financing and insurance services; and software-enabled services and subscriptions. General Motors Company was founded in 1908 and is headquartered in Detroit, Michigan.",Mary T. Barra,Consumer Cyclical,US,162000,313-667-1500,300 Renaissance Center,Detroit,MI,48265-3000,https://images.financialmodelingprep.com/symbol/GM.png,2010-11-18,False,False,True,False,False,GM,GM
DHR,205.29,146998315080,0.761,1.18,171-279.9,0.29,0.14146,2519753,3928068.0,Danaher Corporation,USD,0000313616,US2358511028,235851102,New York Stock Exchange,NYSE,Medical - Diagnostics & Research,https://www.danaher.com,"Danaher Corporation designs, manufactures, and markets professional, medical, industrial, and commercial products and services worldwide. The company operates through three segments: Life Sciences, Diagnostics, and Environmental & Applied Solutions. The Life Sciences segment provides mass spectrometers; flow cytometry, genomics, lab automation, centrifugation, particle counting and characterization; microscopes; genomics consumables; and Gene and Cell Therapy. This segment also offers bioprocess technologies, consumables, and services; and filtration, separation, and purification technologies to the pharmaceutical and biopharmaceutical, food and beverage, medical, and life sciences companies, as well as universities, medical schools and research institutions, and various industrial manufacturers. The Diagnostics segment provides chemistry, immunoassay, microbiology, and automation systems, as well as hematology, molecular, acute care, and pathology diagnostics products. This segment offers clinical instruments, reagents, consumables, software, and services for hospitals, physicians' offices, reference laboratories, and other critical care settings. The Environmental & Applied Solutions segment offers instrumentation, consumables, software, services, and disinfection systems to analyze, treat, and manage ultra-pure, potable, industrial, waste, ground, source, and ocean water in residential, commercial, industrial, and natural resource applications. This segment also provides instruments, software, services, and consumables for various color and appearance management, packaging design and quality management, packaging converting, printing, marking, coding, and traceability applications for consumer, pharmaceutical, and industrial products. The company was formerly known as Diversified Mortgage Investors, Inc. and changed its name to Danaher Corporation in 1984. Danaher Corporation was founded in 1969 and is headquartered in Washington, the District of Columbia.",Rainer M. Blair,Healthcare,US,61000,202 828 0850,"2200 Pennsylvania Avenue, NW",Washington,DC,20037-1701,https://images.financialmodelingprep.com/symbol/DHR.png,1978-12-29,False,False,True,False,False,DHR,DHR
DE,491.44,133095220880,1.067,6.33,378.45-533.78,-1.64,-0.3326,796758,1246850.0,Deere & Company,USD,0000315189,US2441991054,244199105,New York Stock Exchange,NYSE,Agricultural - Machinery,https://www.deere.com,"Deere & Company manufactures and distributes various equipment worldwide. The company operates through four segments: Production and Precision Agriculture, Small Agriculture and Turf, Construction and Forestry, and Financial Services. The Production and Precision Agriculture segment provides mid-size tractors, combines, cotton pickers and strippers, sugarcane harvesters, harvesting front-end equipment, sugarcane loaders, pull-behind scrapers, and tillage and seeding equipment, as well as application equipment, including sprayers and nutrient management, and soil preparation machinery for grain growers. The Small Agriculture and Turf segment offers utility tractors, and related loaders and attachments; turf and utility equipment, including riding lawn equipment, commercial mowing equipment, golf course equipment, and utility vehicles, as well as implements for mowing, tilling, snow and debris handling, aerating, residential, commercial, golf, and sports turf care applications; other outdoor power products; and hay and forage equipment. This segment also resells products from other manufacturers. It serves dairy and livestock producers, crop producers, and turf and utility customers. The Construction and Forestry segment provides a range of backhoe loaders, crawler dozers and loaders, four-wheel-drive loaders, excavators, motor graders, articulated dump trucks, landscape and skid-steer loaders, milling machines, pavers, compactors, rollers, crushers, screens, asphalt plants, log skidders, log feller bunchers, log loaders and forwarders, log harvesters, and attachments; and roadbuilding equipment. The Financial Services segment finances sales and leases agriculture and turf, and construction and forestry equipment. It also offers wholesale financing to dealers of the foregoing equipment; and extended equipment warranties, as well as finances retail revolving charge accounts. Deere & Company was founded in 1837 and is headquartered in Moline, Illinois.",John C. May II,Industrials,US,35200,309-765-8000,One John Deere Place,Moline,IL,61265,https://images.financialmodelingprep.com/symbol/DE.png,1972-06-01,False,False,True,False,False,DE,DE
MMC,206.44,101490858560,0.775,3.6,196.27-248,0.07,0.03391966,2190301,2388607.0,"Marsh & McLennan Companies, Inc.",USD,0000062709,US5717481023,571748102,New York Stock Exchange,NYSE,Insurance - Brokers,https://www.mmc.com,"Marsh & McLennan Companies, Inc., a professional services company, provides advice and solutions to clients in the areas of risk, strategy, and people worldwide. It operates in two segments, Risk and Insurance Services, and Consulting. The Risk and Insurance Services segment offers risk management services, such as risk advice, risk transfer, and risk control and mitigation solutions, as well as insurance and reinsurance broking, catastrophe and financial modeling, and related advisory services; and insurance program management services. This segment serves businesses, public entities, insurance companies, associations, professional services organizations, and private clients. The Consulting segment provides health, wealth, and career consulting services and products; and specialized management, as well as economic and brand consulting services. Marsh & McLennan Companies, Inc. was founded in 1871 and is headquartered in New York, New York.",John Quinlan Doyle,Financial Services,US,90000,212 345 5000,1166 Avenue of the Americas,New York City,NY,10036-2774,https://images.financialmodelingprep.com/symbol/MMC.png,1987-12-30,False,False,True,False,False,MMC,MMC
MDT,91.96,117824669600,0.817,2.81,79.29-96.25,-0.09,-0.09777295,5615600,7685669.0,Medtronic plc,USD,0001613103,IE00BTN1Y115,G5960L103,New York Stock Exchange,NYSE,Medical - Devices,https://www.medtronic.com,"Medtronic plc develops, manufactures, and sells device-based medical therapies to healthcare systems, physicians, clinicians, and patients worldwide. Its Cardiovascular Portfolio segment offers implantable cardiac pacemakers, cardioverter defibrillators, and cardiac resynchronization therapy devices; cardiac ablation products; insertable cardiac monitor systems; TYRX products; and remote monitoring and patient-centered software. It also provides aortic valves, surgical valve replacement and repair products, endovascular stent grafts and accessories, and transcatheter pulmonary valves; and percutaneous coronary intervention products, percutaneous angioplasty balloons, and products. The company's Medical Surgical Portfolio segment offers surgical stapling devices, vessel sealing instruments, wound closure, electrosurgery products, surgical artificial intelligence and robotic-assisted surgery products, hernia mechanical devices, mesh implants, gynecology and lung products, and various therapies to treat diseases, as well as products in the fields of minimally invasive gastrointestinal and hepatologic diagnostics and therapies, patient monitoring, airway management and ventilation therapies, and renal disease. Its Neuroscience Portfolio segment offers products for spinal surgeons; neurosurgeons; neurologists; pain management specialists; anesthesiologists; orthopedic surgeons; urologists; urogynecologists; interventional radiologists; ear, nose, and throat specialists; and systems that incorporate energy surgical instruments. It also provides image-guided surgery and intra-operative imaging systems and robotic guidance systems used in robot assisted spine procedures; and therapies for vasculature in and around the brain. The company's Diabetes Operating Unit segment offers insulin pumps and consumables, continuous glucose monitoring systems, smart insulin pen systems, and consumables and supplies. The company was founded in 1949 and is headquartered in Dublin, Ireland.",Geoffrey Straub Martha,Healthcare,IE,95000,353 1 438 1700,20 On Hatch,Galway,,2,https://images.financialmodelingprep.com/symbol/MDT.png,1973-05-02,False,False,True,False,False,MDT,MDT
MDLZ,61.28,79293256000,0.468,2.0,53.95-76.06,-0.48,-0.7772,7203053,7429696.0,"Mondelez International, Inc.",USD,0001103982,US6092071058,609207105,NASDAQ Global Select,NASDAQ,Food Confectioners,https://www.mondelezinternational.com,"Mondelez International, Inc., through its subsidiaries, manufactures, markets, and sells snack food and beverage products in the Latin America, North America, Asia, the Middle East, Africa, and Europe. It provides biscuits, including cookies, crackers, and salted snacks; chocolates; and gums and candies, as well as various cheese and grocery, and powdered beverage products. The company's snack brand portfolio includes Cadbury, Milka, and Toblerone chocolates; Oreo, belVita, and LU biscuits; Halls candies; Trident gums; and Tang powdered beverages. It serves supermarket chains, wholesalers, supercenters, club stores, mass merchandisers, distributors, convenience stores, gasoline stations, drug stores, value stores, and other retail food outlets through direct store delivery, company-owned and satellite warehouses, third party distributors, and other facilities, as well as through independent sales offices and agents, and e-commerce channels. The company was formerly known as Kraft Foods Inc. and changed its name to Mondelez International, Inc. in October 2012. Mondelez International, Inc. was incorporated in 2000 and is headquartered in Chicago, Illinois.",Dirk Van de Put,Consumer Defensive,US,90000,847 943 4000,905 West Fulton Market,Chicago,IL,60607,https://images.financialmodelingprep.com/symbol/MDLZ.png,2001-06-13,False,False,True,False,False,MDLZ,MDLZ
ADP,304.1,123173576300,0.82,6.02,267.79-329.93,1.01,0.33323,1460134,1608190.0,"Automatic Data Processing, Inc.",USD,0000008670,US0530151036,053015103,NASDAQ Global Select,NASDAQ,Staffing & Employment Services,https://www.adp.com,"Automatic Data Processing, Inc. provides cloud-based human capital management solutions worldwide. It operates in two segments, Employer Services and Professional Employer Organization (PEO). The Employer Services segment offers strategic, cloud-based platforms, and human resources (HR) outsourcing solutions. Its offerings include payroll, benefits administration, talent management, HR management, workforce management, insurance, retirement, and compliance services, as well as integrated HCM solutions. The PEO Services segment provides HR outsourcing solutions to small and mid-sized businesses through a co-employment model. This segment offers benefits package, protection and compliance, talent engagement, expertise, comprehensive outsourcing, and recruitment process outsourcing services. The company was founded in 1949 and is headquartered in Roseland, New Jersey.",Maria Black,Industrials,US,64000,973 974 5000,One ADP Boulevard,Roseland,NJ,07068,https://images.financialmodelingprep.com/symbol/ADP.png,1980-03-17,False,False,True,False,False,ADP,ADP
IBM,245.73,228902163870,0.677,6.7,198.73-296.16,0.89,0.3635,2815216,4675734.0,International Business Machines Corporation,USD,0000051143,US4592001014,459200101,New York Stock Exchange,NYSE,Information Technology Services,https://www.ibm.com,"International Business Machines Corporation provides integrated solutions and services worldwide. The company operates through four business segments: Software, Consulting, Infrastructure, and Financing. The Software segment offers hybrid cloud platform and software solutions, such as Red Hat, an enterprise open-source solutions; software for business automation, AIOps and management, integration, and application servers; data and artificial intelligence solutions; and security software and services for threat, data, and identity. This segment also provides transaction processing software that supports clients' mission-critical and on-premise workloads in banking, airlines, and retail industries. The Consulting segment offers business transformation services, including strategy, business process design and operations, data and analytics, and system integration services; technology consulting services; and application and cloud platform services. The Infrastructure segment provides on-premises and cloud-based server and storage solutions for its clients' mission-critical and regulated workloads; and support services and solutions for hybrid cloud infrastructure, as well as remanufacturing and remarketing services for used equipment. The Financing segment offers lease, installment payment, loan financing, and short-term working capital financing services. The company was formerly known as Computing-Tabulating-Recording Co. International Business Machines Corporation was incorporated in 1911 and is headquartered in Armonk, New York.",Arvind Krishna,Technology,US,270300,914 499 1900,One New Orchard Road,Armonk,NY,10504,https://images.financialmodelingprep.com/symbol/IBM.png,1915-09-24,False,False,True,False,False,IBM,IBM
AMT,202.56,94848922560,0.832,6.64,172.51-243.56,-0.71,-0.34929,2966951,2210465.0,American Tower Corporation,USD,0001053507,US03027X1000,03027X100,New York Stock Exchange,NYSE,REIT - Specialty,https://www.americantower.com,"American Tower Corporation, one of the largest global REITs, is a leading independent owner, operator and developer of multitenant communications real estate with a portfolio of approximately 219,000 communications sites. For more information about American Tower, please visit the Earnings Materials and Investor Presentations sections of our investor relations website at www.americantower.com.",Steven O. Vondran,Real Estate,US,4691,617-375-7500,116 Huntington Avenue,Boston,MA,02116,https://images.financialmodelingprep.com/symbol/AMT.png,1998-02-27,False,False,True,False,False,AMT,AMT
SHW,366.18,91300757940,1.159,3.085,308.84-400.42,-1.22,-0.33206,1127219,1804831.0,The Sherwin-Williams Company,USD,0000089800,US8243481061,824348106,New York Stock Exchange,NYSE,Chemicals - Specialty,https://www.sherwin-williams.com,"The Sherwin-Williams Company develops, manufactures, distributes, and sells paints, coatings, and related products to professional, industrial, commercial, and retail customers. It operates through three segments: The Americas Group, Consumer Brands Group, and Performance Coatings Group. The Americas Group segment offers architectural paints and coatings, and protective and marine products, as well as OEM product finishes and related products for architectural and industrial paint contractors, and do-it-yourself homeowners. The Consumer Brands Group segment supplies a portfolio of branded and private-label architectural paints, stains, varnishes, industrial products, wood finishes products, wood preservatives, applicators, corrosion inhibitors, aerosols, caulks, and adhesives to retailers and distributors. The Performance Coatings Group segment develops and sells industrial coatings for wood finishing and general industrial applications, automotive refinish products, protective and marine coatings, coil coatings, packaging coatings, and performance-based resins and colorants. It serves retailers, dealers, jobbers, licensees, and other third-party distributors through its branches and direct sales staff, as well as through outside sales representatives. The company has operations primarily in the North and South America, the Caribbean, Europe, Asia, and Australia. As of February 17, 2022, it operated approximately 5,000 company-operated stores and facilities. The Sherwin-Williams Company was founded in 1866 and is headquartered in Cleveland, Ohio.",Heidi G. Petz,Basic Materials,US,63890,216 566 2000,101 West Prospect Avenue,Cleveland,OH,44115-1075,https://images.financialmodelingprep.com/symbol/SHW.png,1980-03-17,False,False,True,False,False,SHW,SHW
ACN,256.17,159556253010,1.29,5.92,236.67-398.35,-0.95,-0.36948,2982834,3959363.0,Accenture plc,USD,0001467373,IE00B4BNMY34,G1151C101,New York Stock Exchange,NYSE,Information Technology Services,https://www.accenture.com,"Accenture plc, a professional services company, provides strategy and consulting, interactive, and technology and operations services worldwide. The company offers application services, including agile transformation, DevOps, application modernization, enterprise architecture, software and quality engineering, data management, intelligent automation comprises robotic process automation, natural language processing, and virtual agents, and liquid application management services, as well as program, project, and service management services; strategy consulting services; critical data elements, data management and governance, data platform and architecture, product-based organization and skills, business adoption, and value realization services; engineering, and research and development digitization; smart connected product design and development; product platform engineering and modernization; product as-a-service enablement; products related to production and operations; autonomous robotics systems; the digital transformation of capital projects; and digital industrial workforce solutions. It also provides data-enabled operating models; technology consulting and artificial intelligence services; services related to talent and organization/human potential; digital commerce; infrastructure services, such as hybrid cloud, network, digital workplace and collaboration, service and experience management, infrastructure as code, and managed edge and IoT devices; cyber defense, applied cybersecurity, managed security, OT security, security strategy and risk, and industry security products; services related to technology innovation; and intelligent automation services. In addition, the company offers cloud, ecosystem, marketing, supply chain management, zero-based budgeting, customer experience, finance consulting, mergers and acquisitions, and sustainability services. Accenture plc was founded in 1951 and is based in Dublin, Ireland.",Julie T. Spellman Sweet,Technology,IE,801000,353 1 646 2000,1 Grand Canal Square,Dublin,,2,https://images.financialmodelingprep.com/symbol/ACN.png,2001-07-19,False,False,True,False,False,ACN,ACN
BAC,50.49,373976905500,1.315,1.04,33.07-50.64,0.11,0.21834,23127829,38802774.0,Bank of America Corporation,USD,0000070858,US0605051046,060505104,New York Stock Exchange,NYSE,Banks - Diversified,https://www.bankofamerica.com,"Bank of America Corporation, through its subsidiaries, provides banking and financial products and services for individual consumers, small and middle-market businesses, institutional investors, large corporations, and governments worldwide. Its Consumer Banking segment offers traditional and money market savings accounts, certificates of deposit and IRAs, noninterest-and interest-bearing checking accounts, and investment accounts and products; and credit and debit cards, residential mortgages, and home equity loans, as well as direct and indirect loans, such as automotive, recreational vehicle, and consumer personal loans. The company's Global Wealth & Investment Management segment offers investment management, brokerage, banking, and trust and retirement products and services; and wealth management solutions, as well as customized solutions, including specialty asset management services. Its Global Banking segment provides lending products and services, including commercial loans, leases, commitment facilities, trade finance, and commercial real estate and asset-based lending; treasury solutions, such as treasury management, foreign exchange, and short-term investing options and merchant services; working capital management solutions; and debt and equity underwriting and distribution, and merger-related and other advisory services. The company's Global Markets segment offers market-making, financing, securities clearing, settlement, and custody services, as well as risk management products using interest rate, equity, credit, currency and commodity derivatives, foreign exchange, fixed-income, and mortgage-related products. As of December 31, 2021, it served approximately 67 million consumer and small business clients with approximately 4,200 retail financial centers; approximately 16,000 ATMs; and digital banking platforms with approximately 41 million active users. The company was founded in 1784 and is based in Charlotte, North Carolina.",Brian Thomas Moynihan,Financial Services,US,213000,704 386 5681,Bank of America Corporate Center,Charlotte,NC,28255,https://images.financialmodelingprep.com/symbol/BAC.png,1973-02-21,False,False,True,False,False,BAC,BAC
ABBV,207.92,367303155200,0.503,6.47,163.81-218.66,-0.14,-0.06728828,4517790,5599385.0,AbbVie Inc.,USD,0001551152,US00287Y1091,00287Y109,New York Stock Exchange,NYSE,Drug Manufacturers - General,https://www.abbvie.com,"AbbVie Inc. discovers, develops, manufactures, and sells pharmaceuticals in the worldwide. The company offers HUMIRA, a therapy administered as an injection for autoimmune and intestinal Behçet's diseases; SKYRIZI to treat moderate to severe plaque psoriasis in adults; RINVOQ, a JAK inhibitor for the treatment of moderate to severe active rheumatoid arthritis in adult patients; IMBRUVICA to treat adult patients with chronic lymphocytic leukemia (CLL), small lymphocytic lymphoma (SLL), and VENCLEXTA, a BCL-2 inhibitor used to treat adults with CLL or SLL; and MAVYRET to treat patients with chronic HCV genotype 1-6 infection. It also provides CREON, a pancreatic enzyme therapy for exocrine pancreatic insufficiency; Synthroid used in the treatment of hypothyroidism; Linzess/Constella to treat irritable bowel syndrome with constipation and chronic idiopathic constipation; Lupron for the palliative treatment of advanced prostate cancer, endometriosis and central precocious puberty, and patients with anemia caused by uterine fibroids; and Botox therapeutic. In addition, the company offers ORILISSA, a nonpeptide small molecule gonadotropin-releasing hormone antagonist for women with moderate to severe endometriosis pain; Duopa and Duodopa, a levodopa-carbidopa intestinal gel to treat Parkinson's disease; Lumigan/Ganfort, a bimatoprost ophthalmic solution for the reduction of elevated intraocular pressure (IOP) in patients with open angle glaucoma (OAG) or ocular hypertension; Ubrelvy to treat migraine with or without aura in adults; Alphagan/ Combigan, an alpha-adrenergic receptor agonist for the reduction of IOP in patients with OAG; and Restasis, a calcineurin inhibitor immunosuppressant to increase tear production, as well as other eye care products. AbbVie Inc. has a research collaboration with Dragonfly Therapeutics, Inc. The company was incorporated in 2012 and is headquartered in North Chicago, Illinois.",Robert A. Michael CPA,Healthcare,US,55000,847 932 7900,1 North Waukegan Road,North Chicago,IL,60064-6400,https://images.financialmodelingprep.com/symbol/ABBV.png,2013-01-02,False,False,True,False,False,ABBV,ABBV
AMAT,165.27,131667855602,1.694,1.72,123.74-215.7,0.88,0.53531,7819814,7212171.0,"Applied Materials, Inc.",USD,0000006951,US0382221051,038222105,NASDAQ Global Select,NASDAQ,Semiconductors,https://www.appliedmaterials.com,"Applied Materials, Inc. provides manufacturing equipment, services, and software to the semiconductor, display, and related industries. It operates through three segments: Semiconductor Systems, Applied Global Services, and Display and Adjacent Markets. The Semiconductor Systems segment develops, manufactures, and sells various manufacturing equipment that is used to fabricate semiconductor chips or integrated circuits. This segment also offers various technologies, including epitaxy, ion implantation, oxidation/nitridation, rapid thermal processing, physical vapor deposition, chemical vapor deposition, chemical mechanical planarization, electrochemical deposition, atomic layer deposition, etching, and selective deposition and removal, as well as metrology and inspection tools. The Applied Global Services segment provides integrated solutions to optimize equipment and fab performance and productivity comprising spares, upgrades, services, remanufactured earlier generation equipment, and factory automation software for semiconductor, display, and other products. The Display and Adjacent Markets segment offers products for manufacturing liquid crystal displays; organic light-emitting diodes; and other display technologies for TVs, monitors, laptops, personal computers, electronic tablets, smart phones, and other consumer-oriented devices. The company operates in the United States, China, Korea, Taiwan, Japan, Southeast Asia, and Europe. Applied Materials, Inc. was incorporated in 1967 and is headquartered in Santa Clara, California.",Gary E. Dickerson,Technology,US,36000,408 727 5555,3050 Bowers Avenue,Santa Clara,CA,95052-3299,https://images.financialmodelingprep.com/symbol/AMAT.png,1980-03-17,False,False,True,False,False,AMAT,AMAT
NVDA,180.17,4396148000000,2.145,0.04,86.62-184.48,-1.43,-0.78744,278310768,176450174.0,NVIDIA Corporation,USD,0001045810,US67066G1040,67066G104,NASDAQ Global Select,NASDAQ,Semiconductors,https://www.nvidia.com,"NVIDIA Corporation provides graphics, and compute and networking solutions in the United States, Taiwan, China, and internationally. The company's Graphics segment offers GeForce GPUs for gaming and PCs, the GeForce NOW game streaming service and related infrastructure, and solutions for gaming platforms; Quadro/NVIDIA RTX GPUs for enterprise workstation graphics; vGPU software for cloud-based visual and virtual computing; automotive platforms for infotainment systems; and Omniverse software for building 3D designs and virtual worlds. Its Compute & Networking segment provides Data Center platforms and systems for AI, HPC, and accelerated computing; Mellanox networking and interconnect solutions; automotive AI Cockpit, autonomous driving development agreements, and autonomous vehicle solutions; cryptocurrency mining processors; Jetson for robotics and other embedded platforms; and NVIDIA AI Enterprise and other software. The company's products are used in gaming, professional visualization, datacenter, and automotive markets. NVIDIA Corporation sells its products to original equipment manufacturers, original device manufacturers, system builders, add-in board manufacturers, retailers/distributors, independent software vendors, Internet and cloud service providers, automotive manufacturers and tier-1 automotive suppliers, mapping companies, start-ups, and other ecosystem participants. It has a strategic collaboration with Kroger Co. NVIDIA Corporation was incorporated in 1993 and is headquartered in Santa Clara, California.",Jen-Hsun Huang,Technology,US,36000,408 486 2000,2788 San Tomas Expressway,Santa Clara,CA,95051,https://images.financialmodelingprep.com/symbol/NVDA.png,1999-01-22,False,False,True,False,False,NVDA,NVDA
HON,221.35,140534450950,1.065,4.52,179.36-242.77,0.1,0.04519774,2600008,3416330.0,Honeywell International Inc.,USD,0000773840,US4385161066,438516106,NASDAQ Global Select,NASDAQ,Conglomerates,https://www.honeywell.com,"Honeywell International Inc. operates as a diversified technology and manufacturing company worldwide. Its Aerospace segment offers auxiliary power units, propulsion engines, integrated avionics, environmental control and electric power systems, engine controls, flight safety, communications, navigation hardware, data and software applications, radar and surveillance systems, aircraft lighting, advanced systems and instruments, satellite and space components, and aircraft wheels and brakes; spare parts; repair, overhaul, and maintenance services; thermal systems, as well as wireless connectivity and management services. The company's Honeywell Building Technologies segment offers software applications for building control and optimization; sensors, switches, control systems, and instruments for energy management; access control; video surveillance; fire products; and installation, maintenance, and upgrades of systems. Its Performance Materials and Technologies segment offers automation control, instrumentation, and software and related services; catalysts and adsorbents, equipment, and consulting; and materials to manufacture end products, such as bullet-resistant armor, nylon, computer chips, and pharmaceutical packaging, as well as provides reduced and low global-warming-potential materials based on hydrofluoro-olefin technology. The company's Safety and Productivity Solutions segment provides personal protection equipment, apparel, gear, and footwear; gas detection technology; cloud-based notification and emergency messaging; mobile devices and software; supply chain and warehouse automation equipment, and software solutions; custom-engineered sensors, switches, and controls; and data and asset management productivity software solutions. The company was founded in 1906 and is headquartered in Charlotte, North Carolina.",Vimal M. Kapur,Industrials,US,102000,704 627 6200,855 South Mint Street,Charlotte,NC,28202,https://images.financialmodelingprep.com/symbol/HON.png,2001-02-21,False,False,True,False,False,HON,HON
BKNG,5651.99,183180430701,1.413,36.7,3700.97-5839.41,36.31,0.64658,167901,199030.0,Booking Holdings Inc.,USD,0001075531,US09857L1089,09857L108,NASDAQ Global Select,NASDAQ,Travel Services,https://www.bookingholdings.com,"Booking Holdings Inc. provides travel and restaurant online reservation and related services worldwide. The company operates Booking.com, which offers online accommodation reservations; Rentalcars.com that provides online rental car reservation services; Priceline, which offer online travel reservation services, and consumers hotel, flight, and rental car reservation services, as well as vacation packages, cruises, and hotel distribution services. It also operates Agoda that provides online accommodation reservation services, as well as flight, ground transportation and activities reservation services. In addition, the company operates KAYAK, an online price comparison service that allows consumers to search and compare travel itineraries and prices, comprising airline ticket, accommodation reservation, and rental car reservation information; and OpenTable for booking online restaurant reservations. Further, it offers travel-related insurance products, and restaurant management services to consumers, travel service providers, and restaurants. The company was formerly known as The Priceline Group Inc. and changed its name to Booking Holdings Inc. in February 2018. The company was founded in 1997 and is headquartered in Norwalk, Connecticut.",Glenn D. Fogel,Consumer Cyclical,US,24500,203 299 8000,800 Connecticut Avenue,Norwalk,CT,06854,https://images.financialmodelingprep.com/symbol/BKNG.png,1999-03-31,False,False,True,False,False,BKNG,BKNG
TJX,137.12,152973814400,0.888,1.6,111.22-145.58,-0.11,-0.0801574,3523127,5202968.0,"The TJX Companies, Inc.",USD,0000109198,US8725401090,872540109,New York Stock Exchange,NYSE,Apparel - Retail,https://www.tjx.com,"The TJX Companies, Inc., together with its subsidiaries, operates as an off-price apparel and home fashions retailer. It operates through four segments: Marmaxx, HomeGoods, TJX Canada, and TJX International. The company sells family apparel, including footwear and accessories; home fashions, such as home basics, furniture, rugs, lighting products, giftware, soft home products, decorative accessories, tabletop, and cookware, as well as expanded pet, kids, and gourmet food departments; jewelry and accessories; and other merchandise. As of February 23, 2022, it operated 1,284 T.J. Maxx, 1,148 Marshalls, 850 HomeGoods, 59 Sierra, and 39 Homesense stores, as well as tjmaxx.com, marshalls.com, and sierra.com in the United States; 293 Winners, 147 HomeSense, and 106 Marshalls stores in Canada; 618 T.K. Maxx and 77 Homesense stores, as well as tkmaxx.com in Europe; and 68 T.K. Maxx stores in Australia. The company was incorporated in 1962 and is headquartered in Framingham, Massachusetts.",Ernie L. Herrman,Consumer Cyclical,US,364000,508 390 1000,770 Cochituate Road,Framingham,MA,01701,https://images.financialmodelingprep.com/symbol/TJX.png,1987-06-26,False,False,True,False,False,TJX,TJX
LOW,257.54,144335202520,0.886,4.65,206.39-287.01,-1.13,-0.43685,1779055,2833406.0,"Lowe's Companies, Inc.",USD,0000060667,US5486611073,548661107,New York Stock Exchange,NYSE,Home Improvement,https://www.lowes.com,"Lowe's Companies, Inc., together with its subsidiaries, operates as a home improvement retailer in the United States and internationally. The company offers a line of products for construction, maintenance, repair, remodeling, and decorating. It provides home improvement products, such as appliances, seasonal and outdoor living, lawn and garden, lumber, kitchens and bath, tools, paint, millwork, hardware, flooring, rough plumbing, building materials, decor, lighting, and electrical. It also offers installation services through independent contractors in various product categories; extended protection plans; and in-warranty and out-of-warranty repair services. The company sells its national brand-name merchandise and private brand products to homeowners, renters, and professional customers. As of January 28, 2022, it operated 1,971 home improvement and hardware stores. The company also sells its products through websites comprising Lowes.com and Lowesforpros.com; and through mobile applications. Lowe's Companies, Inc. was founded in 1921 and is based in Mooresville, North Carolina.",Marvin R. Ellison,Consumer Cyclical,US,161000,704 758 1000,1000 Lowe's Boulevard,Mooresville,NC,28117,https://images.financialmodelingprep.com/symbol/LOW.png,1980-03-17,False,False,True,False,False,LOW,LOW
GILD,112.56,139665573600,0.347,3.12,77.74-121.83,-1.36,-1.19382,4129404,7092293.0,"Gilead Sciences, Inc.",USD,0000882095,US3755581036,375558103,NASDAQ Global Select,NASDAQ,Drug Manufacturers - General,https://www.gilead.com,"Gilead Sciences, Inc., a biopharmaceutical company, discovers, develops, and commercializes medicines in the areas of unmet medical need in the United States, Europe, and internationally. The company provides Biktarvy, Genvoya, Descovy, Odefsey, Truvada, Complera/ Eviplera, Stribild, and Atripla products for the treatment of HIV/AIDS; Veklury, an injection for intravenous use, for the treatment of coronavirus disease 2019; and Epclusa, Harvoni, Vosevi, Vemlidy, and Viread for the treatment of liver diseases. It also offers Yescarta, Tecartus, Trodelvy, and Zydelig products for the treatment of hematology, oncology, and cell therapy patients. In addition, the company provides Letairis, an oral formulation for the treatment of pulmonary arterial hypertension; Ranexa, an oral formulation for the treatment of chronic angina; and AmBisome, a liposomal formulation for the treatment of serious invasive fungal infections. Gilead Sciences, Inc. has collaboration agreements with Arcus Biosciences, Inc.; Pionyr Immunotherapeutics Inc.; Tizona Therapeutics, Inc.; Tango Therapeutics, Inc.; Jounce Therapeutics, Inc.; Galapagos NV; Janssen Sciences Ireland Unlimited Company; Japan Tobacco, Inc.; Gadeta B.V.; Bristol-Myers Squibb Company; Dragonfly Therapeutics, Inc.; and Merck & Co, Inc. The company was incorporated in 1987 and is headquartered in Foster City, California.",Daniel P. O'Day,Healthcare,US,17600,650 574 3000,333 Lakeside Drive,Foster City,CA,94404,https://images.financialmodelingprep.com/symbol/GILD.png,1992-01-22,False,False,True,False,False,GILD,GILD
DUK,122.37,95157848880,0.341,4.2,105.2-127.85,-1.31,-1.05918,2495100,3034720.0,Duke Energy Corporation,USD,0001326160,US26441C2044,26441C204,New York Stock Exchange,NYSE,Regulated Electric,https://www.duke-energy.com,"Duke Energy Corporation, together with its subsidiaries, operates as an energy company in the United States. It operates through three segments: Electric Utilities and Infrastructure, Gas Utilities and Infrastructure, and Commercial Renewables. The Electric Utilities and Infrastructure segment generates, transmits, distributes, and sells electricity in the Carolinas, Florida, and the Midwest; and uses coal, hydroelectric, natural gas, oil, renewable generation, and nuclear fuel to generate electricity. It also engages in the wholesale of electricity to municipalities, electric cooperative utilities, and load-serving entities. This segment serves approximately 8.2 million customers in 6 states in the Southeast and Midwest regions of the United States covering a service territory of approximately 91,000 square miles; and owns approximately 50,259 megawatts (MW) of generation capacity. The Gas Utilities and Infrastructure segment distributes natural gas to residential, commercial, industrial, and power generation natural gas customers; and owns, operates, and invests in pipeline transmission and natural gas storage facilities. It has approximately 1.6 million customers, including 1.1 million customers in North Carolina, South Carolina, and Tennessee, as well as 550,000 customers in southwestern Ohio and northern Kentucky. The Commercial Renewables segment acquires, owns, develops, builds, and operates wind and solar renewable generation projects, including nonregulated renewable energy and energy storage services to utilities, electric cooperatives, municipalities, and corporate customers. It has 23 wind, 178 solar, and 2 battery storage facilities, as well as 71 fuel cell locations with a capacity of 3,554 MW across 22 states. The company was formerly known as Duke Energy Holding Corp. and changed its name to Duke Energy Corporation in April 2005. The company was founded in 1904 and is headquartered in Charlotte, North Carolina.",Harry K. Sideris,Utilities,US,26413,704 382 3853,526 South Church Street,Charlotte,NC,28202-1803,https://images.financialmodelingprep.com/symbol/DUK.png,1980-03-17,False,False,True,False,False,DUK,DUK
MA,590.48,529822351520,1.029,2.94,465.59-601.77,-0.18,-0.03047438,2159561,2838574.0,Mastercard Incorporated,USD,0001141391,US57636Q1040,57636Q104,New York Stock Exchange,NYSE,Financial - Credit Services,https://www.mastercard.com,"Mastercard Incorporated, a technology company, provides transaction processing and other payment-related products and services in the United States and internationally. It facilitates the processing of payment transactions, including authorization, clearing, and settlement, as well as delivers other payment-related products and services. The company offers integrated products and value-added services for account holders, merchants, financial institutions, businesses, governments, and other organizations, such as programs that enable issuers to provide consumers with credits to defer payments; prepaid programs and management services; commercial credit and debit payment products and solutions; and payment products and solutions that allow its customers to access funds in deposit and other accounts. It also provides value-added products and services comprising cyber and intelligence solutions for parties to transact, as well as proprietary insights, drawing on principled use of consumer, and merchant data services. In addition, the company offers analytics, test and learn, consulting, managed services, loyalty, processing, and payment gateway solutions for e-commerce merchants. Further, it provides open banking and digital identity platforms services. The company offers payment solutions and services under the MasterCard, Maestro, and Cirrus. Mastercard Incorporated was founded in 1966 and is headquartered in Purchase, New York.",Michael Miebach,Financial Services,US,35300,914 249 2000,2000 Purchase Street,Purchase,NY,10577,https://images.financialmodelingprep.com/symbol/MA.png,2006-05-25,False,False,True,False,False,MA,MA
UNH,302.29,273776193460,0.44,8.51,234.6-630.73,-1.59,-0.52323,8611527,16233850.0,UnitedHealth Group Incorporated,USD,0000731766,US91324P1021,91324P102,New York Stock Exchange,NYSE,Medical - Healthcare Plans,https://www.unitedhealthgroup.com,"UnitedHealth Group Incorporated operates as a diversified health care company in the United States. It operates through four segments: UnitedHealthcare, Optum Health, Optum Insight, and Optum Rx. The UnitedHealthcare segment offers consumer-oriented health benefit plans and services for national employers, public sector employers, mid-sized employers, small businesses, and individuals; health care coverage and well-being services to individuals age 50 and older addressing their needs for preventive and acute health care services, as well as services dealing with chronic disease and other specialized issues for older individuals; Medicaid plans, children's health insurance and health care programs; health and dental benefits; and hospital and clinical services. The OptumHealth segment provides access to networks of care provider specialists, health management services, care delivery, consumer engagement, and financial services. This segment serves individuals directly through care delivery systems, employers, payers, and government entities. The OptumInsight segment offers software and information products, advisory consulting arrangements, and managed services outsourcing contracts to hospital systems, physicians, health plans, governments, life sciences companies, and other organizations. The OptumRx segment provides pharmacy care services and programs, including retail network contracting, home delivery, specialty and compounding pharmacy, and purchasing and clinical capabilities, as well as develops programs in the areas of step therapy, formulary management, drug adherence, and disease/drug therapy management. UnitedHealth Group Incorporated was incorporated in 1977 and is based in Minnetonka, Minnesota.",Stephen J. Hemsley,Healthcare,US,400000,952 936 1300,UnitedHealth Group Center,Eden Prairie,MN,55343,https://images.financialmodelingprep.com/symbol/UNH.png,1984-10-17,False,False,True,False,False,UNH,UNH
CB,273.25,108942042500,0.541,3.7,252.16-306.91,0.2,0.07324666,1452362,1835503.0,Chubb Limited,USD,0000896159,CH0044328745,H1467J104,New York Stock Exchange,NYSE,Insurance - Property & Casualty,https://www.chubb.com/us-en,"Chubb Limited provides insurance and reinsurance products worldwide. The company's North America Commercial P&C Insurance segment offers commercial property, casualty, workers' compensation, package policies, risk management, financial lines, marine, construction, environmental, medical, cyber risk, surety, and excess casualty; and group accident and health insurance to large, middle market, and small commercial businesses. Its North America Personal P&C Insurance segment provides affluent and high net worth individuals and families with homeowners, automobile and collector cars, valuable articles, personal and excess liability, travel insurance, and recreational marine insurance and services. The company's North America Agricultural Insurance segment offers multiple peril crop and crop-hail insurance; and coverage for farm and ranch property, and commercial agriculture products. Its Overseas General Insurance segment provides coverage for traditional commercial property and casualty; specialty categories, such as financial lines, marine, energy, aviation, political risk, and construction risk; and group accident and health, and traditional and specialty personal lines for corporations, middle markets, and small customers through retail brokers, agents, and other channels. The company's Global Reinsurance segment offers traditional and specialty reinsurance under the Chubb Tempest Re brand to property and casualty companies. Its Life Insurance segment provides protection and savings products comprising whole life, endowment plans, individual term life, group term life, medical and health, personal accident, credit life, universal life, and unit linked contracts. The company markets its products primarily through insurance and reinsurance brokers. The company was formerly known as ACE Limited and changed its name to Chubb Limited in January 2016. Chubb Limited was incorporated in 1985 and is headquartered in Zurich, Switzerland.",Evan G. Greenberg,Financial Services,CH,43000,41 43 456 76 00,Baerengasse 32,Zurich,,8001,https://images.financialmodelingprep.com/symbol/CB.png,1993-03-25,False,False,True,False,False,CB,CB
CVS,72.14,91497326200,0.588,2.66,43.56-72.51,0.21,0.29195,5193094,7483338.0,CVS Health Corporation,USD,0000064803,US1266501006,126650100,New York Stock Exchange,NYSE,Medical - Healthcare Plans,https://www.cvshealth.com,"CVS Health Corporation provides health services in the United States. The company's Health Care Benefits segment offers traditional, voluntary, and consumer-directed health insurance products and related services. It serves employer groups, individuals, college students, part-time and hourly workers, health plans, health care providers, governmental units, government-sponsored plans, labor groups, and expatriates. Its Pharmacy Services segment offers pharmacy benefit management solutions, including plan design and administration, formulary management, retail pharmacy network management, mail order pharmacy, specialty pharmacy and infusion, clinical, and disease and medical spend management services. It serves employers, insurance companies, unions, government employee groups, health plans, prescription drug plans, Medicaid managed care plans, plans offered on public health insurance and private health insurance exchanges, other sponsors of health benefit plans, and individuals. This segment operates retail specialty pharmacy stores; and specialty mail-order, mail-order dispensing, and compounding pharmacies, as well as branches for infusion and enteral nutrition services. The company's Retail/LTC segment sells prescription and over-the-counter drugs, consumer health and beauty products, and personal care products; and provides health care services through its MinuteClinic walk-in medical clinics. This segment also distributes prescription drugs; and provides related pharmacy consulting and other ancillary services to care facilities and other care settings. As of December 31, 2021, it operated approximately 9,900 retail locations and 1,200 MinuteClinic locations, as well as online retail pharmacy websites, LTC pharmacies, and onsite pharmacies. The company was formerly known as CVS Caremark Corporation and changed its name to CVS Health Corporation in September 2014. CVS Health Corporation was founded in 1963 and is headquartered in Woonsocket, Rhode Island.",J. David Joyner CEBS,Healthcare,US,219000,401-765-1500,One CVS Drive,Woonsocket,RI,02895,https://images.financialmodelingprep.com/symbol/CVS.png,1996-11-20,False,False,True,False,False,CVS,CVS
AMGN,285.61,153761570820,0.48,9.39,253.3-339.17,-2.36,-0.81953,1885523,2322360.0,Amgen Inc.,USD,0000318154,US0311621009,031162100,NASDAQ Global Select,NASDAQ,Drug Manufacturers - General,https://www.amgen.com,"Amgen Inc. discovers, develops, manufactures, and delivers human therapeutics worldwide. It focuses on inflammation, oncology/hematology, bone health, cardiovascular disease, nephrology, and neuroscience areas. The company's products include Enbrel to treat plaque psoriasis, rheumatoid arthritis, and psoriatic arthritis; Neulasta that reduces the chance of infection due a low white blood cell count in patients cancer; Prolia to treat postmenopausal women with osteoporosis; Xgeva for skeletal-related events prevention; Otezla for the treatment of adult patients with plaque psoriasis, psoriatic arthritis, and oral ulcers associated with Behçet's disease; Aranesp to treat a lower-than-normal number of red blood cells and anemia; KYPROLIS to treat patients with relapsed or refractory multiple myeloma; and Repatha, which reduces the risks of myocardial infarction, stroke, and coronary revascularization. It also markets Nplate, Vectibix, MVASI, Parsabiv, EPOGEN, KANJINTI, BLINCYTO, Aimovig, EVENITY, AMGEVITATM, Sensipar/Mimpara, NEUPOGEN, IMLYGIC, Corlanor, and AVSOLA. Amgen Inc. serves healthcare providers, including physicians or their clinics, dialysis centers, hospitals, and pharmacies. It distributes its products through pharmaceutical wholesale distributors, as well as direct-to-consumer channels. It has collaboration agreements with Novartis Pharma AG; UCB; Bayer HealthCare LLC; BeiGene, Ltd.; Eli Lilly and Company; Datos Health; and Verastem, Inc. to evaluate VS-6766 in combination with lumakrastm (Sotorasib) in patients with KRAS G12C-mutant non-small cell lung cancer. It has an agreement with Kyowa Kirin Co., Ltd. to jointly develop and commercialize KHK4083, a Phase 3-ready anti-OX40 fully human monoclonal antibody for the treatment of atopic dermatitis and other autoimmune diseases; and research and development collaboration with Neumora Therapeutics, Inc. and Plexium, Inc. Amgen Inc. was incorporated in 1980 and is headquartered in Thousand Oaks, California.",Robert A. Bradway,Healthcare,US,28000,805 447 1000,One Amgen Center Drive,Thousand Oaks,CA,91320-1799,https://images.financialmodelingprep.com/symbol/AMGN.png,1983-06-17,False,False,True,False,False,AMGN,AMGN
AXP,326.99,227546455180,1.283,3.04,220.43-329.14,4.53,1.40483,2192895,2606012.0,American Express Company,USD,0000004962,US0258161092,025816109,New York Stock Exchange,NYSE,Financial - Credit Services,https://www.americanexpress.com,"American Express Company, together with its subsidiaries, provides charge and credit payment card products, and travel-related services worldwide. The company operates through three segments: Global Consumer Services Group, Global Commercial Services, and Global Merchant and Network Services. Its products and services include payment and financing products; network services; accounts payable expense management products and services; and travel and lifestyle services. The company's products and services also comprise merchant acquisition and processing, servicing and settlement, point-of-sale marketing, and information products and services for merchants; and fraud prevention services, as well as the design and operation of customer loyalty programs. It sells its products and services to consumers, small businesses, mid-sized companies, and large corporations through mobile and online applications, third-party vendors and business partners, direct mail, telephone, in-house sales teams, and direct response advertising. American Express Company was founded in 1850 and is headquartered in New York, New York.",Stephen Joseph Squeri,Financial Services,US,75100,212 640 2000,200 Vesey Street,New York City,NY,10285,https://images.financialmodelingprep.com/symbol/AXP.png,1972-06-01,False,False,True,False,False,AXP,AXP
LIN,482.15,226084956500,0.929,5.78,408.65-487.49,-0.56,-0.11601,1372249,1691788.0,Linde plc,USD,0001707925,IE000S9YS762,G54950103,NASDAQ Global Select,NASDAQ,Chemicals - Specialty,https://www.linde.com,"Linde plc operates as an industrial gas and engineering company in North and South America, Europe, the Middle East, Africa, and the Asia Pacific. It offers atmospheric gases, including oxygen, nitrogen, argon, and rare gases; and process gases, such as carbon dioxide, helium, hydrogen, electronic gases, specialty gases, and acetylene. The company also designs and constructs turnkey process plants for third-party customers, as well as for the gas businesses in various locations, such as olefin, natural gas, air separation, hydrogen, and synthesis gas plants. It serves a range of industries, including healthcare, energy, manufacturing, food, beverage carbonation, fiber-optics, steel making, aerospace, chemicals, and water treatment. The company was founded in 1879 and is based in Woking, the United Kingdom.",Sanjiv Lamba,Basic Materials,GB,65069,44 203 837 2210,Forge,Woking,,GU21 6HT,https://images.financialmodelingprep.com/symbol/LIN.png,1992-06-17,False,False,True,False,False,LIN,LIN
V,349.86,674132462361,0.94,2.36,268.23-375.51,-0.49,-0.13986,4959792,6577074.0,Visa Inc.,USD,0001403161,US92826C8394,92826C839,New York Stock Exchange,NYSE,Financial - Credit Services,https://usa.visa.com,"Visa Inc. operates as a payments technology company worldwide. The company facilitates digital payments among consumers, merchants, financial institutions, businesses, strategic partners, and government entities. It operates VisaNet, a transaction processing network that enables authorization, clearing, and settlement of payment transactions. In addition, the company offers card products, platforms, and value-added services. It provides its services under the Visa, Visa Electron, Interlink, VPAY, and PLUS brands. Visa Inc. has a strategic agreement with Ooredoo to provide an enhanced payment experience for Visa cardholders and Ooredoo customers in Qatar. Visa Inc. was founded in 1958 and is headquartered in San Francisco, California.",Ryan M. McInerney,Financial Services,US,28800,650 432 3200,PO Box 8999,San Francisco,CA,94128-8999,https://images.financialmodelingprep.com/symbol/V.png,2008-03-19,False,False,True,False,False,V,V
GOOGL,211.64,2563616538603,1.014,0.81,140.53-212.22,4.16,2.00501,32120680,37062222.0,Alphabet Inc.,USD,0001652044,US02079K3059,02079K305,NASDAQ Global Select,NASDAQ,Internet Content & Information,https://www.abc.xyz,"Alphabet Inc. provides various products and platforms in the United States, Europe, the Middle East, Africa, the Asia-Pacific, Canada, and Latin America. It operates through Google Services, Google Cloud, and Other Bets segments. The Google Services segment offers products and services, including ads, Android, Chrome, hardware, Gmail, Google Drive, Google Maps, Google Photos, Google Play, Search, and YouTube. It is also involved in the sale of apps and in-app purchases and digital content in the Google Play store; and Fitbit wearable devices, Google Nest home products, Pixel phones, and other devices, as well as in the provision of YouTube non-advertising services. The Google Cloud segment offers infrastructure, platform, and other services; Google Workspace that include cloud-based collaboration tools for enterprises, such as Gmail, Docs, Drive, Calendar, and Meet; and other services for enterprise customers. The Other Bets segment sells health technology and internet services. The company was founded in 1998 and is headquartered in Mountain View, California.",Sundar Pichai,Communication Services,US,185719,650 253 0000,1600 Amphitheatre Parkway,Mountain View,CA,94043,https://images.financialmodelingprep.com/symbol/GOOGL.png,2004-08-19,False,False,True,False,False,GOOGL,GOOGL
BLK,1130.48,175058219440,1.432,20.62,773.74-1171.89,-1.15,-0.10162,474904,586961.0,"BlackRock, Inc.",USD,0002012383,US09290D1019,09290D101,New York Stock Exchange,NYSE,Asset Management,https://www.blackrock.com,"BlackRock, Inc. is a publicly owned investment manager. The firm primarily provides its services to institutional, intermediary, and individual investors including corporate, public, union, and industry pension plans, insurance companies, third-party mutual funds, endowments, public institutions, governments, foundations, charities, sovereign wealth funds, corporations, official institutions, and banks. It also provides global risk management and advisory services. The firm manages separate client-focused equity, fixed income, and balanced portfolios. It also launches and manages open-end and closed-end mutual funds, offshore funds, unit trusts, and alternative investment vehicles including structured funds. The firm launches equity, fixed income, balanced, and real estate mutual funds. It also launches equity, fixed income, balanced, currency, commodity, and multi-asset exchange traded funds. The firm also launches and manages hedge funds. It invests in the public equity, fixed income, real estate, currency, commodity, and alternative markets across the globe. The firm primarily invests in growth and value stocks of small-cap, mid-cap, SMID-cap, large-cap, and multi-cap companies. It also invests in dividend-paying equity securities. The firm invests in investment grade municipal securities, government securities including securities issued or guaranteed by a government or a government agency or instrumentality, corporate bonds, and asset-backed and mortgage-backed securities. It employs fundamental and quantitative analysis with a focus on bottom-up and top-down approach to make its investments. The firm employs liquidity, asset allocation, balanced, real estate, and alternative strategies to make its investments. In real estate sector, it seeks to invest in Poland and Germany. The firm benchmarks the performance of its portfolios against various S&P, Russell, Barclays, MSCI, Citigroup, and Merrill Lynch indices. BlackRock, Inc. was founded in 1988 and is based in New York City with additional offices in Boston, Massachusetts; London, United Kingdom; Gurgaon, India; Hong Kong; Greenwich, Connecticut; Princeton, New Jersey; Edinburgh, United Kingdom; Sydney, Australia; Taipei, Taiwan; Singapore; Sao Paulo, Brazil; Philadelphia, Pennsylvania; Washington, District of Columbia; Toronto, Canada; Wilmington, Delaware; and San Francisco, California.",Laurence Douglas Fink,Financial Services,US,22600,212 810 5300,50 Hudson Yards,New York City,NY,10001,https://images.financialmodelingprep.com/symbol/BLK.png,1999-10-01,False,False,True,False,False,BLK,BLK
ELV,310.41,69897502980,0.588,6.68,273.71-567.26,0.6,0.19367,1191455,2366704.0,Elevance Health Inc.,USD,0001156039,US0367521038,036752103,New York Stock Exchange,NYSE,Medical - Healthcare Plans,https://www.elevancehealth.com,"Elevance Health Inc. operates as a health benefits company. It supports consumers, families, and communities across the entire care journey connecting to the care, support, and resources to lead healthier lives. It serves approximately 118 million people through a portfolio of medical, digital, pharmacy, behavioral, clinical, and care solutions. The company was formerly known as Anthem, Inc. and changed its name to Elevance Health Inc. in June 2022. Elevance Health Inc. was founded in 1944 and is headquartered in Indianapolis, Indiana.",Gail Koziara Boudreaux,Healthcare,US,104200,800 331 1476,220 Virginia Avenue,Indianapolis,IN,46204,https://images.financialmodelingprep.com/symbol/ELV.png,2001-10-30,False,False,True,False,False,ELV,ELV
COST,944.96,419068025920,0.952,4.92,867.16-1078.23,-4.56,-0.48024,2055366,2203558.0,Costco Wholesale Corporation,USD,0000909832,US22160K1051,22160K105,NASDAQ Global Select,NASDAQ,Discount Stores,https://www.costco.com,"Costco Wholesale Corporation, together with its subsidiaries, engages in the operation of membership warehouses in the United States, Puerto Rico, Canada, the United Kingdom, Mexico, Japan, Korea, Australia, Spain, France, Iceland, China, and Taiwan. It offers branded and private-label products in a range of merchandise categories. The company offers sundries, dry groceries, candies, coolers, freezers, liquor, and tobacco and deli products; appliances, electronics, health and beauty aids, hardware, garden and patio products, sporting goods, tires, toys and seasonal products, office supplies, automotive care products, postages, tickets, apparel, small appliances, furniture, domestics, housewares, special order kiosks, and jewelry; and meat, produce, service deli, and bakery products. It also operates pharmacies, opticals, food courts, hearing-aid centers, and tire installation centers, as well as 636 gas stations; and offers business delivery, travel, same-day grocery, and various other services online in various countries. As of August 29, 2021, the company operated 815 membership warehouses, including 564 in the United States and Puerto Rico, 105 in Canada, 39 in Mexico, 30 in Japan, 29 in the United Kingdom, 16 in South Korea, 14 in Taiwan, 12 in Australia, 3 in Spain, 1 in Iceland, 1 in France, and 1 in China. It also operates e-commerce websites in the United States, Canada, the United Kingdom, Mexico, South Korea, Taiwan, Japan, and Australia. The company was formerly known as Costco Companies, Inc. and changed its name to Costco Wholesale Corporation in August 1999. Costco Wholesale Corporation was founded in 1976 and is based in Issaquah, Washington.",Ron M. Vachris,Consumer Defensive,US,333000,425 313 8100,999 Lake Drive,Issaquah,WA,98027,https://images.financialmodelingprep.com/symbol/COST.png,1986-07-09,False,False,True,False,False,COST,COST
BDX,191.25,54817413750,0.224,4.07,163.33-251.99,-4.15,-2.12385,1793830,2792104.0,"Becton, Dickinson and Company",USD,0000010795,US0758871091,075887109,New York Stock Exchange,NYSE,Medical - Instruments & Supplies,https://www.bd.com,"Becton, Dickinson and Company develops, manufactures, and sells medical supplies, devices, laboratory equipment, and diagnostic products for healthcare institutions, physicians, life science researchers, clinical laboratories, pharmaceutical industry, and the general public worldwide. The company's BD Medical segment offers peripheral intravenous (IV) and advanced peripheral catheters, central lines, acute dialysis catheters, vascular care and preparation products, needle-free IV connectors and extensions sets, closed-system drug transfer devices, hazardous drug detections, hypodermic syringes and needles, anesthesia needles and trays, enteral syringes, and sharps disposal systems; IV medication and infusion therapy delivery systems, medication compounding workflow systems, automated medication dispensing and supply management systems, and medication inventory optimization and tracking systems; syringes, pen needles, and other products for diabetes; and prefillable drug delivery systems. Its BD Life Sciences segment provides specimen and blood collection products; automated blood and tuberculosis culturing, molecular testing, microorganism identification and drug susceptibility, and liquid-based cytology systems, as well as rapid diagnostic assays, microbiology laboratory automation products, and plated media products; and fluorescence-activated cell sorters and analyzers, antibodies and kits, reagent systems, and solutions for single-cell gene expression analysis, as well as clinical oncology, immunological, and transplantation diagnostic/monitoring reagents and analyzers. The company's BD Interventional segment offers hernia and soft tissue repair, biological and bioresorbable grafts, biosurgery, and other surgical products; surgical infection prevention, surgical and laparoscopic instrumentation products; peripheral intervention products; and urology and critical care products. The company was founded in 1897 and is based in Franklin Lakes, New Jersey.",Thomas E. Polen Jr.,Healthcare,US,70000,201 847 6800,1 Becton Drive,Franklin Lakes,NJ,07417-1880,https://images.financialmodelingprep.com/symbol/BDX.png,1973-02-21,False,False,True,False,False,BDX,BDX
NOW,928.6,193148800000,0.929,0.0,678.66-1198.09,40.62,4.57443,3041590,1517022.0,"ServiceNow, Inc.",USD,0001373715,US81762P1021,81762P102,New York Stock Exchange,NYSE,Software - Application,https://www.servicenow.com,"ServiceNow, Inc. provides enterprise cloud computing solutions that defines, structures, consolidates, manages, and automates services for enterprises worldwide. It operates the Now platform for workflow automation, artificial intelligence, machine learning, robotic process automation, performance analytics, electronic service catalogs and portals, configuration management systems, data benchmarking, encryption, and collaboration and development tools. The company also provides information technology (IT) service management applications; IT service management product suite for enterprise's employees, customers, and partners; IT business management product suite; IT operations management product that connects a customer's physical and cloud-based IT infrastructure; IT Asset Management to automate IT asset lifecycles; and security operations that connects with internal and third party. In addition, it offers governance, risk, and compliance product to manage risk and resilience; human resources, legal, and workplace service delivery products; safe workplace applications; customer service management product; and field service management applications. Further, it provides App Engine product; IntegrationHub enables application to extend workflows; and professional, industry solutions, and customer support services. It serves government, financial services, healthcare, telecommunications, manufacturing, IT services, technology, oil and gas, education, and consumer products through direct sales team and resale partners. It has a strategic partnership with Celonis to help customers identify and prioritize processes that are suitable for automation. The company was formerly known as Service-now.com and changed its name to ServiceNow, Inc. in May 2012. The company was founded in 2004 and is headquartered in Santa Clara, California.",William R. McDermott,Technology,US,26293,408 501 8550,2225 Lawson Lane,Santa Clara,CA,95054,https://images.financialmodelingprep.com/symbol/NOW.png,2012-06-29,False,False,True,False,False,NOW,NOW
CRM,254.53,243330680000,1.37,1.632,226.48-369,4.37,1.74688,8434974,7925638.0,"Salesforce, Inc.",USD,0001108524,US79466L3024,79466L302,New York Stock Exchange,NYSE,Software - Application,https://www.salesforce.com,"Salesforce, Inc. provides customer relationship management technology that brings companies and customers together worldwide. Its Customer 360 platform empowers its customers to work together to deliver connected experiences for their customers. The company's service offerings include Sales to store data, monitor leads and progress, forecast opportunities, gain insights through analytics and relationship intelligence, and deliver quotes, contracts, and invoices; and Service that enables companies to deliver trusted and highly personalized customer service and support at scale. Its service offerings also comprise flexible platform that enables companies of various sizes, locations, and industries to build business apps to bring them closer to their customers with drag-and-drop tools; online learning platform that allows anyone to learn in-demand Salesforce skills; and Slack, a system of engagement. In addition, the company's service offerings include Marketing offering that enables companies to plan, personalize, and optimize one-to-one customer marketing journeys; and Commerce offering, which empowers brands to unify the customer experience across mobile, web, social, and store commerce points. Further, its service offerings comprise Tableau, an end-to-end analytics solution serving various enterprise use cases; and MuleSoft, an integration offering that allows its customers to unlock data across their enterprise. The company provides its service offering for customers in financial services, healthcare and life sciences, manufacturing, and other industries. It also offers professional services; and in-person and online courses to certify its customers and partners on architecting, administering, deploying, and developing its service offerings. The company provides its services through direct sales; and consulting firms, systems integrators, and other partners. Salesforce, Inc. was incorporated in 1999 and is headquartered in San Francisco, California.",Marc R. Benioff,Technology,US,76453,415 901 7000,Salesforce Tower,San Francisco,CA,94105,https://images.financialmodelingprep.com/symbol/CRM.png,2004-06-23,False,False,True,False,False,CRM,CRM
F,11.71,45774507100,1.498,0.75,8.44-11.99,-0.2,-1.67926,43797269,79115298.0,Ford Motor Company,USD,0000037996,US3453708600,345370860,New York Stock Exchange,NYSE,Auto - Manufacturers,https://www.ford.com,"Ford Motor Company develops, delivers, and services a range of Ford trucks, commercial cars and vans, sport utility vehicles, and Lincoln luxury vehicles worldwide. It operates through Ford Blue, Ford Model e, and Ford Pro; Ford Next; and Ford Credit segments. The company sells Ford and Lincoln vehicles, service parts, and accessories through distributors and dealers, as well as through dealerships to commercial fleet customers, daily rental car companies, and governments. It also engages in vehicle-related financing and leasing activities to and through automotive dealers. In addition, the company provides retail installment sale contracts for new and used vehicles; and direct financing leases for new vehicles to retail and commercial customers, such as leasing companies, government entities, daily rental companies, and fleet customers. Further, it offers wholesale loans to dealers to finance the purchase of vehicle inventory; and loans to dealers to finance working capital and enhance dealership facilities, purchase dealership real estate, and other dealer vehicle programs. The company was incorporated in 1903 and is based in Dearborn, Michigan.",James Duncan Farley Jr.,Consumer Cyclical,US,170000,313 322 3000,One American Road,Dearborn,MI,48126-1899,https://images.financialmodelingprep.com/symbol/F.png,1972-06-01,False,False,True,False,False,F,F
AAPL,232.56,3451283394232,1.165,1.02,169.21-260.1,2.07,0.89809,37892960,54652203.0,Apple Inc.,USD,0000320193,US0378331005,037833100,NASDAQ Global Select,NASDAQ,Consumer Electronics,https://www.apple.com,"Apple Inc. designs, manufactures, and markets smartphones, personal computers, tablets, wearables, and accessories worldwide. The company offers iPhone, a line of smartphones; Mac, a line of personal computers; iPad, a line of multi-purpose tablets; and wearables, home, and accessories comprising AirPods, Apple TV, Apple Watch, Beats products, and HomePod. It also provides AppleCare support and cloud services; and operates various platforms, including the App Store that allow customers to discover and download applications and digital content, such as books, music, video, games, and podcasts, as well as advertising services include third-party licensing arrangements and its own advertising platforms. In addition, the company offers various subscription-based services, such as Apple Arcade, a game subscription service; Apple Fitness+, a personalized fitness service; Apple Music, which offers users a curated listening experience with on-demand radio stations; Apple News+, a subscription news and magazine service; Apple TV+, which offers exclusive original content; Apple Card, a co-branded credit card; and Apple Pay, a cashless payment service, as well as licenses its intellectual property. The company serves consumers, and small and mid-sized businesses; and the education, enterprise, and government markets. It distributes third-party applications for its products through the App Store. The company also sells its products through its retail and online stores, and direct sales force; and third-party cellular network carriers, wholesalers, retailers, and resellers. Apple Inc. was founded in 1976 and is headquartered in Cupertino, California.",Timothy D. Cook,Technology,US,164000,(408) 996-1010,One Apple Park Way,Cupertino,CA,95014,https://images.financialmodelingprep.com/symbol/AAPL.png,1980-12-12,False,False,True,False,False,AAPL,AAPL
PLD,112.64,104537016320,1.223,3.94,85.35-132.57,-0.04,-0.03549876,1818029,3953404.0,"Prologis, Inc.",USD,0001045609,US74340W1036,74340W103,New York Stock Exchange,NYSE,REIT - Industrial,https://www.prologis.com,"Prologis, Inc. is the global leader in logistics real estate with a focus on high-barrier, high-growth markets. As of December 31, 2020, the company owned or had investments in, on a wholly owned basis or through co-investment ventures, properties and development projects expected to total approximately 984 million square feet (91 million square meters) in 19 countries. Prologis leases modern logistics facilities to a diverse base of approximately 5,500 customers principally across two major categories: business-to-business and retail/online fulfillment.",Hamid R. Moghadam,Real Estate,US,2703,415-394-9000,Pier 1,San Francisco,CA,94111,https://images.financialmodelingprep.com/symbol/PLD.png,1997-11-21,False,False,True,False,False,PLD,PLD
MU,122.0,136533860000,1.374,0.46,61.54-129.85,4.25,3.60934,17252980,21827801.0,"Micron Technology, Inc.",USD,0000723125,US5951121038,595112103,NASDAQ Global Select,NASDAQ,Semiconductors,https://www.micron.com,"Micron Technology, Inc. designs, manufactures, and sells memory and storage products worldwide. The company operates through four segments: Compute and Networking Business Unit, Mobile Business Unit, Storage Business Unit, and Embedded Business Unit. It provides memory and storage technologies comprises DRAM products, which are dynamic random access memory semiconductor devices with low latency that provide high-speed data retrieval; NAND products that are non-volatile and re-writeable semiconductor storage devices; and NOR memory products, which are non-volatile re-writable semiconductor memory devices that provide fast read speeds under the Micron and Crucial brands, as well as through private labels. The company offers memory products for the cloud server, enterprise, client, graphics, and networking markets, as well as for smartphone and other mobile-device markets; SSDs and component-level solutions for the enterprise and cloud, client, and consumer storage markets; other discrete storage products in component and wafers; and memory and storage products for the automotive, industrial, and consumer markets. It markets its products through its direct sales force, independent sales representatives, distributors, and retailers; and web-based customer direct sales channel, as well as through channel and distribution partners. Micron Technology, Inc. was founded in 1978 and is headquartered in Boise, Idaho.",Sanjay Mehrotra,Technology,US,48000,208 368 4000,8000 South Federal Way,Boise,ID,83716-9632,https://images.financialmodelingprep.com/symbol/MU.png,1984-06-01,False,False,True,False,False,MU,MU
T,28.94,206932286600,0.622,1.11,19.7-29.65,-0.12,-0.41294,18055537,31567944.0,AT&T Inc.,USD,0000732717,US00206R1023,00206R102,New York Stock Exchange,NYSE,Telecommunications Services,https://www.att.com,"AT&T Inc. provides telecommunications, media, and technology services worldwide. Its Communications segment offers wireless voice and data communications services; and sells handsets, wireless data cards, wireless computing devices, and carrying cases and hands-free devices through its own company-owned stores, agents, and third-party retail stores. It also provides data, voice, security, cloud solutions, outsourcing, and managed and professional services, as well as customer premises equipment for multinational corporations, small and mid-sized businesses, governmental, and wholesale customers. In addition, this segment offers broadband fiber and legacy telephony voice communication services to residential customers. It markets its communications services and products under the AT&T, Cricket, AT&T PREPAID, and AT&T Fiber brand names. The company's Latin America segment provides wireless services in Mexico; and video services in Latin America. This segment markets its services and products under the AT&T and Unefon brand names. The company was formerly known as SBC Communications Inc. and changed its name to AT&T Inc. in 2005. AT&T Inc. was incorporated in 1983 and is headquartered in Dallas, Texas.",John T. Stankey,Communication Services,US,139970,210 821 4105,208 South Akard Street,Dallas,TX,75202,https://images.financialmodelingprep.com/symbol/T.png,1983-11-21,False,False,True,False,False,T,T
PM,165.77,258035924300,0.507,5.4,116.12-186.69,1.58,0.9623,7292612,5641417.0,Philip Morris International Inc.,USD,0001413329,US7181721090,718172109,New York Stock Exchange,NYSE,Tobacco,https://www.pmi.com,"Philip Morris International Inc. operates as a tobacco company working to delivers a smoke-free future and evolving portfolio for the long-term to include products outside of the tobacco and nicotine sector. The company's product portfolio primarily consists of cigarettes and smoke-free products, including heat-not-burn, vapor, and oral nicotine products that are sold in markets outside the United States. The company offers its smoke-free products under the HEETS, HEETS Creations, HEETS Dimensions, HEETS Marlboro, HEETS FROM MARLBORO, Marlboro Dimensions, Marlboro HeatSticks, Parliament HeatSticks, and TEREA brands, as well as the KT&G-licensed brands, Fiit, and Miix. It also sells its products under the Marlboro, Parliament, Bond Street, Chesterfield, L&M, Lark, and Philip Morris brands. In addition, the company owns various cigarette brands, such as Dji Sam Soe, Sampoerna A, and Sampoerna U in Indonesia; and Fortune and Jackpot in the Philippines. The company sells its smoke-free products in 71 markets. Philip Morris International Inc. was incorporated in 1987 and is headquartered in New York, New York.",Jacek Olczak,Consumer Defensive,US,83100,917 663 2000,120 Park Avenue,New York City,NY,10017-5592,https://images.financialmodelingprep.com/symbol/PM.png,2008-03-17,False,False,True,False,False,PM,PM
PNC,205.62,80974595340,1.09,6.5,145.12-216.26,-0.42,-0.20384,1924745,2117098.0,"The PNC Financial Services Group, Inc.",USD,0000713676,US6934751057,693475105,New York Stock Exchange,NYSE,Banks - Regional,https://www.pnc.com,"The PNC Financial Services Group, Inc. operates as a diversified financial services company in the United States. The company's Retail Banking segment offers checking, savings, and money market accounts, as well as certificates of deposit; residential mortgages, home equity loans and lines of credit, auto loans, credit cards, education loans, and personal and small business loans and lines of credit; and brokerage, insurance, and investment and cash management services. This segment serves consumer and small business customers through a network of branches, ATMs, call centers, and online and mobile banking channels. Its Corporate & Institutional Banking segment provides secured and unsecured loans, letters of credit, and equipment leases; cash and investment management services, receivables and disbursement management services, funds transfer services, international payment services, and access to online/mobile information management and reporting; foreign exchange, derivatives, fixed income, securities underwriting, loan syndications, and mergers and acquisitions and equity capital markets advisory related services; and commercial loan servicing and technology solutions. It serves mid-sized and large corporations, and government and not-for-profit entities. The company's Asset Management Group segment offers investment and retirement planning, customized investment management, credit and cash management solutions, and trust management and administration services for high net worth and ultra high net worth individuals, and their families; and multi-generational family planning services for ultra high net worth individuals and their families. It also provides outsourced chief investment officer, custody, private real estate, cash and fixed income client solutions, and fiduciary retirement advisory services for institutional clients. The company has 2,591 branches and 9,502 ATMs. The company was founded in 1852 and is headquartered in Pittsburgh, Pennsylvania.",William S. Demchak,Financial Services,US,53686,888 762 2265,The Tower at PNC Plaza,Pittsburgh,PA,15222-2401,https://images.financialmodelingprep.com/symbol/PNC.png,1975-11-17,False,False,True,False,False,PNC,PNC
WMT,96.11,766998166200,0.664,0.9125,76.22-105.3,0.03,0.03122398,19206097,16594303.0,Walmart Inc.,USD,0000104169,US9311421039,931142103,New York Stock Exchange,NYSE,Discount Stores,https://corporate.walmart.com,"Walmart Inc. engages in the operation of retail, wholesale, other units, and eCommerce worldwide. The company operates through three segments: Walmart U.S., Walmart International, and Sam's Club. It operates supercenters, supermarkets, hypermarkets, warehouse clubs, cash and carry stores, and discount stores under Walmart and Walmart Neighborhood Market brands; membership-only warehouse clubs; ecommerce websites, such as walmart.com.mx, walmart.ca, flipkart.com, PhonePe and other sites; and mobile commerce applications. The company offers grocery and consumables, including dairy, meat, bakery, deli, produce, dry, chilled or frozen packaged foods, alcoholic and nonalcoholic beverages, floral, snack foods, candy, other grocery items, health and beauty aids, paper goods, laundry and home care, baby care, pet supplies, and other consumable items; fuel, tobacco and other categories. It is also involved in the provision of health and wellness products covering pharmacy, optical and hearing services, and over-the-counter drugs and other medical products; and home and apparel including home improvement, outdoor living, gardening, furniture, apparel, jewelry, tools and power equipment, housewares, toys, seasonal items, mattresses and tire and battery centers. In addition, the company offers consumer electronics and accessories, software, video games, office supplies, appliances, and third-party gift cards. Further, it operates digital payment platforms; and offers financial services and related products, including money transfers, bill payments, money orders, check cashing, prepaid access, co-branded credit cards, installment lending, and earned wage access. Additionally, the company markets lines of merchandise under private brands, including Allswell, Athletic Works, Equate, and Free Assembly. The company was formerly known as Wal-Mart Stores, Inc. and changed its name to Walmart Inc. in February 2018. Walmart Inc. was founded in 1945 and is based in Bentonville, Arkansas.",C. Douglas McMillon,Consumer Defensive,US,2100000,479 273 4000,702 South West 8th Street,Bentonville,AR,72716,https://images.financialmodelingprep.com/symbol/WMT.png,1972-08-25,False,False,True,False,False,WMT,WMT
MRK,83.21,207840273800,0.392,3.2,73.31-120.3,-0.86,-1.02296,9847432,14176325.0,"Merck & Co., Inc.",USD,0000310158,US58933Y1055,58933Y105,New York Stock Exchange,NYSE,Drug Manufacturers - General,https://www.merck.com,"Merck & Co., Inc. operates as a healthcare company worldwide. It operates through two segments, Pharmaceutical and Animal Health. The Pharmaceutical segment offers human health pharmaceutical products in the areas of oncology, hospital acute care, immunology, neuroscience, virology, cardiovascular, and diabetes, as well as vaccine products, such as preventive pediatric, adolescent, and adult vaccines. The Animal Health segment discovers, develops, manufactures, and markets veterinary pharmaceuticals, vaccines, and health management solutions and services, as well as digitally connected identification, traceability, and monitoring products. It serves drug wholesalers and retailers, hospitals, and government agencies; managed health care providers, such as health maintenance organizations, pharmacy benefit managers, and other institutions; and physicians and physician distributors, veterinarians, and animal producers. The company has collaborations with AstraZeneca PLC; Bayer AG; Eisai Co., Ltd.; Ridgeback Biotherapeutics; and Gilead Sciences, Inc. to jointly develop and commercialize long-acting treatments in HIV. Merck & Co., Inc. was founded in 1891 and is headquartered in Kenilworth, New Jersey.",Robert M. Davis,Healthcare,US,73000,908 740 4000,2000 Galloping Hill Road,Rahway,NJ,07033,https://images.financialmodelingprep.com/symbol/MRK.png,1978-01-13,False,False,True,False,False,MRK,MRK
SYK,389.67,148973568690,0.914,3.32,329.16-406.19,-3.48,-0.88516,1028567,1221274.0,Stryker Corporation,USD,0000310764,US8636671013,863667101,New York Stock Exchange,NYSE,Medical - Devices,https://www.stryker.com,"Stryker Corporation operates as a medical technology company. The company operates through two segments, MedSurg and Neurotechnology, and Orthopaedics and Spine. The Orthopaedics and Spine segment provides implants for use in hip and knee joint replacements, and trauma and extremities surgeries. This segment also offers spinal implant products comprising cervical, thoracolumbar, and interbody systems that are used in spinal injury, deformity, and degenerative therapies. The MedSurg and Neurotechnology segment offers surgical equipment and surgical navigation systems, endoscopic and communications systems, patient handling, emergency medical equipment and intensive care disposable products, reprocessed and remanufactured medical devices, and other medical device products that are used in various medical specialties. This segment also provides neurotechnology products, which include products used for minimally invasive endovascular techniques; products for brain and open skull based surgical procedures; orthobiologic and biosurgery products, such as synthetic bone grafts and vertebral augmentation products; minimally invasive products for the treatment of acute ischemic and hemorrhagic stroke; and craniomaxillofacial implant products, including cranial, maxillofacial, and chest wall devices, as well as dural substitutes and sealants. The company sells its products to doctors, hospitals, and other healthcare facilities through company-owned subsidiaries and branches, as well as third-party dealers and distributors in approximately 75 countries. Stryker Corporation was founded in 1941 and is headquartered in Kalamazoo, Michigan.",Kevin A. Lobo,Healthcare,US,53000,269 385 2600,2825 Airview Boulevard,Portage,MI,49002,https://images.financialmodelingprep.com/symbol/SYK.png,1980-03-17,False,False,True,False,False,SYK,SYK
HD,407.45,405383413600,1.0,9.1,326.31-439.37,-0.79,-0.19351,4048253,3542674.0,"The Home Depot, Inc.",USD,0000354950,US4370761029,437076102,New York Stock Exchange,NYSE,Home Improvement,https://www.homedepot.com,"The Home Depot, Inc. operates as a home improvement retailer. It operates The Home Depot stores that sell various building materials, home improvement products, lawn and garden products, and décor products, as well as facilities maintenance, repair, and operations products The company also offers installation services for flooring, cabinets and cabinet makeovers, countertops, furnaces and central air systems, and windows. In addition, it provides tool and equipment rental services. The company primarily serves homeowners; and professional renovators/remodelers, general contractors, maintenance professionals, handymen, property managers, building service contractors, and specialty tradesmen, such as electricians, plumbers, and painters. It also sells its products through websites, including homedepot.com; blinds.com, an online site for custom window coverings; and thecompanystore.com, an online site for textiles and décor products. As of December 31, 2021, the company operated 2,317 stores in the United States. The Home Depot, Inc. was incorporated in 1978 and is based in Atlanta, Georgia.",Edward P. Decker,Consumer Cyclical,US,470100,770 433 8211,2455 Paces Ferry Road,Atlanta,GA,30339,https://images.financialmodelingprep.com/symbol/HD.png,1981-09-22,False,False,True,False,False,HD,HD
QCOM,160.8,173503200000,1.228,3.44,120.8-182.1,1.03,0.64468,8146814,7964833.0,QUALCOMM Incorporated,USD,0000804328,US7475251036,747525103,NASDAQ Global Select,NASDAQ,Semiconductors,https://www.qualcomm.com,"QUALCOMM Incorporated engages in the development and commercialization of foundational technologies for the wireless industry worldwide. The company operates through three segments: Qualcomm CDMA Technologies (QCT); Qualcomm Technology Licensing (QTL); and Qualcomm Strategic Initiatives (QSI). The QCT segment develops and supplies integrated circuits and system software based on 3G/4G/5G and other technologies for use in wireless voice and data communications, networking, application processing, multimedia, and global positioning system products. The QTL segment grants licenses or provides rights to use portions of its intellectual property portfolio, which include various patent rights useful in the manufacture and sale of wireless products comprising products implementing CDMA2000, WCDMA,LTE and/or OFDMA-based 5G standards and their derivatives. The QSI segment invests in early-stage companies in various industries, including 5G, artificial intelligence, automotive, consumer, enterprise, cloud, and IoT, and investment for supporting the design and introduction of new products and services for voice and data communications, new industries, and applications. It also provides development, and other services and related products to the United States government agencies and their contractors. QUALCOMM Incorporated was incorpotared in 1985 and is headquartered in San Diego, California.",Cristiano Renno Amon,Technology,US,49000,858 587 1121,5775 Morehouse Drive,San Diego,CA,92121-1714,https://images.financialmodelingprep.com/symbol/QCOM.png,1991-12-13,False,False,True,False,False,QCOM,QCOM
HCA,407.28,95301076320,1.4,2.76,289.98-417.14,2.23,0.55055,965349,1405631.0,"HCA Healthcare, Inc.",USD,0000860730,US40412C1018,40412C101,New York Stock Exchange,NYSE,Medical - Care Facilities,https://www.hcahealthcare.com,"HCA Healthcare, Inc., through its subsidiaries, provides health care services company in the United States. The company operates general and acute care hospitals that offers medical and surgical services, including inpatient care, intensive care, cardiac care, diagnostic, and emergency services; and outpatient services, such as outpatient surgery, laboratory, radiology, respiratory therapy, cardiology, and physical therapy. It also operates outpatient health care facilities consisting of freestanding ambulatory surgery centers, freestanding emergency care facilities, urgent care facilities, walk-in clinics, diagnostic and imaging centers, rehabilitation and physical therapy centers, radiation and oncology therapy centers, physician practices, and various other facilities. In addition, the company operates psychiatric hospitals, which provide therapeutic programs comprising child, adolescent and adult psychiatric care, adolescent and adult alcohol, drug abuse treatment, and counseling services. As of December 31, 2021, it operated 182 hospitals, including 175 general and acute care hospitals, five psychiatric hospitals, and two rehabilitation hospitals; 125 freestanding surgery centers; and 21 freestanding endoscopy centers in 20 states and England. The company was formerly known as HCA Holdings, Inc. HCA Healthcare, Inc. was founded in 1968 and is headquartered in Nashville, Tennessee.",Samuel N. Hazen,Healthcare,US,226000,615 344 9551,One Park Plaza,Nashville,TN,37203,https://images.financialmodelingprep.com/symbol/HCA.png,2011-03-10,False,False,True,False,False,HCA,HCA
ORCL,240.32,675018025600,1.431,1.8,118.86-260.87,4.51,1.91256,8682231,13469538.0,Oracle Corporation,USD,0001341439,US68389X1054,68389X105,New York Stock Exchange,NYSE,Software - Infrastructure,https://www.oracle.com,"Oracle Corporation offers products and services that address enterprise information technology environments worldwide. Its Oracle cloud software as a service offering include various cloud software applications, including Oracle Fusion cloud enterprise resource planning (ERP), Oracle Fusion cloud enterprise performance management, Oracle Fusion cloud supply chain and manufacturing management, Oracle Fusion cloud human capital management, Oracle Advertising, and NetSuite applications suite, as well as Oracle Fusion Sales, Service, and Marketing. The company also offers cloud-based industry solutions for various industries; Oracle application licenses; and Oracle license support services. In addition, it provides cloud and license business' infrastructure technologies, such as the Oracle Database, an enterprise database; Java, a software development language; and middleware, including development tools and others. The company's cloud and license business' infrastructure technologies also comprise cloud-based compute, storage, and networking capabilities; and Oracle autonomous database, MySQL HeatWave, Internet-of-Things, digital assistant, and blockchain. Further, it provides hardware products and other hardware-related software offerings, including Oracle engineered systems, enterprise servers, storage solutions, industry-specific hardware, virtualization software, operating systems, management software, and related hardware services; and consulting and customer services. The company markets and sells its cloud, license, hardware, support, and services offerings directly to businesses in various industries, government agencies, and educational institutions, as well as through indirect channels. Oracle Corporation was founded in 1977 and is headquartered in Austin, Texas.",Safra Ada Catz,Technology,US,159000,737 867 1000,2300 Oracle Way,Austin,TX,78741,https://images.financialmodelingprep.com/symbol/ORCL.png,1986-03-12,False,False,True,False,False,ORCL,ORCL
AVGO,308.65,1451726015500,1.167,2.3,134.9-317.35,8.4,2.79767,18860153,20626252.0,Broadcom Inc.,USD,0001730168,US11135F1012,11135F101,NASDAQ Global Select,NASDAQ,Semiconductors,https://www.broadcom.com,"Broadcom Inc. designs, develops, and supplies various semiconductor devices with a focus on complex digital and mixed signal complementary metal oxide semiconductor based devices and analog III-V based products worldwide. The company operates in two segments, Semiconductor Solutions and Infrastructure Software. It provides set-top box system-on-chips (SoCs); cable, digital subscriber line, and passive optical networking central office/consumer premise equipment SoCs; wireless local area network access point SoCs; Ethernet switching and routing merchant silicon products; embedded processors and controllers; serializer/deserializer application specific integrated circuits; optical and copper, and physical layers; and fiber optic transmitter and receiver components. The company also offers RF front end modules, filters, and power amplifiers; Wi-Fi, Bluetooth, and global positioning system/global navigation satellite system SoCs; custom touch controllers; serial attached small computer system interface, and redundant array of independent disks controllers and adapters; peripheral component interconnect express switches; fiber channel host bus adapters; read channel based SoCs; custom flash controllers; preamplifiers; and optocouplers, industrial fiber optics, and motion control encoders and subsystems. Its products are used in various applications, including enterprise and data center networking, home connectivity, set-top boxes, broadband access, telecommunication equipment, smartphones and base stations, data center servers and storage systems, factory automation, power generation and alternative energy systems, and electronic displays. Broadcom Inc. was incorporated in 2018 and is headquartered in San Jose, California.",Hock E. Tan,Technology,US,37000,408 433 8000,1320 Ridder Park Drive,Palo Alto,CA,95131-2313,https://images.financialmodelingprep.com/symbol/AVGO.png,2009-08-06,False,False,True,False,False,AVGO,AVGO
VZ,43.93,185222937556,0.362,2.71,37.59-47.36,-0.34,-0.76801,15811850,17853549.0,Verizon Communications Inc.,USD,0000732712,US92343V1044,92343V104,New York Stock Exchange,NYSE,Telecommunications Services,https://www.verizon.com,"Verizon Communications Inc., through its subsidiaries, offers communications, technology, information, and entertainment products and services to consumers, businesses, and governmental entities worldwide. Its Consumer segment provides postpaid and prepaid service plans; internet access on notebook computers and tablets; wireless equipment, including smartphones and other handsets; and wireless-enabled internet devices, such as tablets, and other wireless-enabled connected devices comprising smart watches. It also provides residential fixed connectivity solutions, such as internet, video, and voice services; and sells network access to mobile virtual network operators. As of December 31, 2021, it had approximately 115 million wireless retail connections, 7 million wireline broadband connections, and 4 million Fios video connections. The company's Business segment provides network connectivity products, including private networking, private cloud connectivity, virtual and software defined networking, and internet access services; and internet protocol-based voice and video services, unified communications and collaboration tools, and customer contact center solutions. This segment also offers a suite of management and data security services; domestic and global voice and data solutions, such as voice calling, messaging services, conferencing, contact center solutions, and private line and data access networks; customer premises equipment; installation, maintenance, and site services; and Internet of Things products and services. As of December 31, 2021, it had approximately 27 million wireless retail postpaid connections and 477 thousand wireline broadband connections. The company was formerly known as Bell Atlantic Corporation and changed its name to Verizon Communications Inc. in June 2000. Verizon Communications Inc. was incorporated in 1983 and is headquartered in New York, New York.",Hans E. Vestberg,Communication Services,US,99400,212 395 1000,1095 Avenue of the Americas,New York City,NY,10036,https://images.financialmodelingprep.com/symbol/VZ.png,1983-11-21,False,False,True,False,False,VZ,VZ
TGT,96.81,43987172460,1.215,4.5,87.35-161.5,-1.15,-1.17395,4299268,6512985.0,Target Corporation,USD,0000027419,US87612E1064,87612E106,New York Stock Exchange,NYSE,Discount Stores,https://corporate.target.com,"Target Corporation operates as a general merchandise retailer in the United States. The company offers food assortments, including perishables, dry grocery, dairy, and frozen items; apparel, accessories, home décor products, electronics, toys, seasonal offerings, food, and other merchandise; and beauty and household essentials. It also provides in-store amenities, such as Target Café, Target Optical, Starbucks, and other food service offerings. The company sells its products through its stores; and digital channels, including Target.com. As of March 09, 2022, the company operated approximately 2,000 stores. Target Corporation was incorporated in 1902 and is headquartered in Minneapolis, Minnesota.",Brian C. Cornell,Consumer Defensive,US,440000,612 304 6073,1000 Nicollet Mall,Minneapolis,MN,55403,https://images.financialmodelingprep.com/symbol/TGT.png,1967-10-18,False,False,True,False,False,TGT,TGT
MSFT,509.64,3788240758800,1.055,3.32,344.79-555.45,2.9,0.57229,17845778,20108326.0,Microsoft Corporation,USD,0000789019,US5949181045,594918104,NASDAQ Global Select,NASDAQ,Software - Infrastructure,https://www.microsoft.com,"Microsoft Corporation develops, licenses, and supports software, services, devices, and solutions worldwide. The company operates in three segments: Productivity and Business Processes, Intelligent Cloud, and More Personal Computing. The Productivity and Business Processes segment offers Office, Exchange, SharePoint, Microsoft Teams, Office 365 Security and Compliance, Microsoft Viva, and Skype for Business; Skype, Outlook.com, OneDrive, and LinkedIn; and Dynamics 365, a set of cloud-based and on-premises business solutions for organizations and enterprise divisions. The Intelligent Cloud segment licenses SQL, Windows Servers, Visual Studio, System Center, and related Client Access Licenses; GitHub that provides a collaboration platform and code hosting service for developers; Nuance provides healthcare and enterprise AI solutions; and Azure, a cloud platform. It also offers enterprise support, Microsoft consulting, and nuance professional services to assist customers in developing, deploying, and managing Microsoft server and desktop solutions; and training and certification on Microsoft products. The More Personal Computing segment provides Windows original equipment manufacturer (OEM) licensing and other non-volume licensing of the Windows operating system; Windows Commercial, such as volume licensing of the Windows operating system, Windows cloud services, and other Windows commercial offerings; patent licensing; and Windows Internet of Things. It also offers Surface, PC accessories, PCs, tablets, gaming and entertainment consoles, and other devices; Gaming, including Xbox hardware, and Xbox content and services; video games and third-party video game royalties; and Search, including Bing and Microsoft advertising. The company sells its products through OEMs, distributors, and resellers; and directly through digital marketplaces, online stores, and retail stores. Microsoft Corporation was founded in 1975 and is headquartered in Redmond, Washington.",Satya Nadella,Technology,US,228000,425 882 8080,One Microsoft Way,Redmond,WA,98052-6399,https://images.financialmodelingprep.com/symbol/MSFT.png,1986-03-13,False,False,True,False,False,MSFT,MSFT
INTU,668.2,186392385400,1.287,4.16,532.65-813.7,5.03,0.75848,2068295,1742426.0,Intuit Inc.,USD,0000896878,US4612021034,461202103,NASDAQ Global Select,NASDAQ,Software - Application,https://www.intuit.com,"Intuit Inc. provides financial management and compliance products and services for consumers, small businesses, self-employed, and accounting professionals in the United States, Canada, and internationally. The company operates in four segments: Small Business & Self-Employed, Consumer, Credit Karma, and ProConnect. The Small Business & Self-Employed segment provides QuickBooks online services and desktop software solutions comprising QuickBooks Online Advanced, a cloud-based solution; QuickBooks Enterprise, a hosted solution; QuickBooks Self-Employed solution; QuickBooks Commerce, a solution for product-based businesses; QuickBooks Online Accountant and QuickBooks Accountant Desktop Plus solutions; and payroll solutions, such as online payroll processing, direct deposit of employee paychecks, payroll reports, electronic payment of federal and state payroll taxes, and electronic filing of federal and state payroll tax forms. This segment also offers payment-processing solutions, including credit and debit cards, Apple Pay, and ACH payment services; QuickBooks Cash business bank account; and financial supplies and financing for small businesses. The Consumer segment provides TurboTax income tax preparation products and services; and personal finance. The Credit Karma segment offers consumers with a personal finance platform that provides personalized recommendations of home, auto, and personal loans, as well as credit cards and insurance products. The ProConnect segment provides Lacerte, ProSeries, and ProFile desktop tax-preparation software products; and ProConnect Tax Online tax products, electronic tax filing service, and bank products and related services. It sells products and services through various sales and distribution channels, including multi-channel shop-and-buy experiences, websites and call centers, mobile application stores, and retail and other channels. The company was founded in 1983 and is headquartered in Mountain View, California.",Sasan K. Goodarzi,Technology,US,18800,650 944 6000,2700 Coast Avenue,Mountain View,CA,94043,https://images.financialmodelingprep.com/symbol/INTU.png,1993-03-12,False,False,True,False,False,INTU,INTU
BA,236.16,178574273280,1.476,0.0,128.88-242.69,0.54,0.22918,3059587,7668906.0,The Boeing Company,USD,0000012927,US0970231058,097023105,New York Stock Exchange,NYSE,Aerospace & Defense,https://www.boeing.com,"The Boeing Company, together with its subsidiaries, designs, develops, manufactures, sales, services, and supports commercial jetliners, military aircraft, satellites, missile defense, human space flight and launch systems, and services worldwide. The company operates through four segments: Commercial Airplanes; Defense, Space & Security; Global Services; and Boeing Capital. The Commercial Airplanes segment provides commercial jet aircraft for passenger and cargo requirements, as well as fleet support services. The Defense, Space & Security segment engages in the research, development, production, and modification of manned and unmanned military aircraft and weapons systems; strategic defense and intelligence systems, which include strategic missile and defense systems, command, control, communications, computers, intelligence, surveillance and reconnaissance, cyber and information solutions, and intelligence systems; and satellite systems, such as government and commercial satellites, and space exploration. The Global Services segment offers products and services, including supply chain and logistics management, engineering, maintenance and modifications, upgrades and conversions, spare parts, pilot and maintenance training systems and services, technical and maintenance documents, and data analytics and digital services to commercial and defense customers. The Boeing Capital segment offers financing services and manages financing exposure for a portfolio of equipment under operating leases, sales-type/finance leases, notes and other receivables, assets held for sale or re-lease, and investments. The company was incorporated in 1916 and is based in Chicago, Illinois.",Robert K. Ortberg,Industrials,US,172000,7034146338,929 Long Bridge Drive,Arlington,VA,22202,https://images.financialmodelingprep.com/symbol/BA.png,1962-01-02,False,False,True,False,False,BA,BA
AMD,168.58,273578367200,1.94,0.0,76.48-186.65,1.45,0.86759,35519447,56516017.0,"Advanced Micro Devices, Inc.",USD,0000002488,US0079031078,007903107,NASDAQ Global Select,NASDAQ,Semiconductors,https://www.amd.com,"Advanced Micro Devices, Inc. operates as a semiconductor company worldwide. The company operates in two segments, Computing and Graphics; and Enterprise, Embedded and Semi-Custom. Its products include x86 microprocessors as an accelerated processing unit, chipsets, discrete and integrated graphics processing units (GPUs), data center and professional GPUs, and development services; and server and embedded processors, and semi-custom System-on-Chip (SoC) products, development services, and technology for game consoles. The company provides processors for desktop and notebook personal computers under the AMD Ryzen, AMD Ryzen PRO, Ryzen Threadripper, Ryzen Threadripper PRO, AMD Athlon, AMD Athlon PRO, AMD FX, AMD A-Series, and AMD PRO A-Series processors brands; discrete GPUs for desktop and notebook PCs under the AMD Radeon graphics, AMD Embedded Radeon graphics brands; and professional graphics products under the AMD Radeon Pro and AMD FirePro graphics brands. It also offers Radeon Instinct, Radeon PRO V-series, and AMD Instinct accelerators for servers; chipsets under the AMD trademark; microprocessors for servers under the AMD EPYC; embedded processor solutions under the AMD Athlon, AMD Geode, AMD Ryzen, AMD EPYC, AMD R-Series, and G-Series processors brands; and customer-specific solutions based on AMD CPU, GPU, and multi-media technologies, as well as semi-custom SoC products. It serves original equipment manufacturers, public cloud service providers, original design manufacturers, system integrators, independent distributors, online retailers, and add-in-board manufacturers through its direct sales force, independent distributors, and sales representatives. The company was incorporated in 1969 and is headquartered in Santa Clara, California.",Lisa T. Su,Technology,US,28000,408 749 4000,2485 Augustine Drive,Santa Clara,CA,95054,https://images.financialmodelingprep.com/symbol/AMD.png,1980-03-17,False,False,True,False,False,AMD,AMD
SO,92.24,101468612000,0.358,2.92,80.46-96.44,-1.04,-1.11492,2795532,5252785.0,The Southern Company,USD,0000092122,US8425871071,842587107,New York Stock Exchange,NYSE,Regulated Electric,https://www.southerncompany.com,"The Southern Company, through its subsidiaries, engages in the generation, transmission, and distribution of electricity. It operates through Gas Distribution Operations, Gas Pipeline Investments, Wholesale Gas Services, and Gas Marketing Services segments. The company also develops, constructs, acquires, owns, and manages power generation assets, including renewable energy projects and sells electricity in the wholesale market; and distributes natural gas in Illinois, Georgia, Virginia, and Tennessee, as well as provides gas marketing services, wholesale gas services, and gas pipeline investments operations. In addition, it owns and/or operates 30 hydroelectric generating stations, 24 fossil fuel generating stations, three nuclear generating stations, 13 combined cycle/cogeneration stations, 45 solar facilities, 15 wind facilities, one fuel cell facility, and four battery storage facility; and constructs, operates, and maintains 76,289 miles of natural gas pipelines and 14 storage facilities with total capacity of 157 Bcf to provide natural gas to residential, commercial, and industrial customers. The company serves approximately 8.7 million electric and gas utility customers. Further, the company offers digital wireless communications and fiber optics services. The Southern Company was incorporated in 1945 and is headquartered in Atlanta, Georgia.",Christopher C. Womack,Utilities,US,28314,404 506 5000,"30 Ivan Allen Jr. Boulevard, N.W.",Atlanta,GA,30308,https://images.financialmodelingprep.com/symbol/SO.png,1981-12-31,False,False,True,False,False,SO,SO
JNJ,175.45,422543253000,0.399,5.08,140.68-181.16,-1.34,-0.75796,3983802,8421176.0,Johnson & Johnson,USD,0000200406,US4781601046,478160104,New York Stock Exchange,NYSE,Drug Manufacturers - General,https://www.jnj.com,"Johnson & Johnson, together with its subsidiaries, researches and develops, manufactures, and sells various products in the healthcare field worldwide. The company's Consumer Health segment offers baby care products under the JOHNSON'S and AVEENO Baby brands; oral care products under the LISTERINE brand; skin health/beauty products under the AVEENO, CLEAN & CLEAR, DR. CI:LABO, NEUTROGENA, and OGX brands; TYLENOL acetaminophen products; SUDAFED cold, flu, and allergy products; BENADRYL and ZYRTEC allergy products; MOTRIN IB ibuprofen products; NICORETTE smoking cessation products; and PEPCID acid reflux products. It also offers STAYFREE and CAREFREE sanitary pads; o.b. tampons; adhesive bandages under the BAND-AID brand; and first aid products under the NEOSPORIN brand. It serves general public, retail outlets, and distributors. The company's Pharmaceutical segment offers products for rheumatoid arthritis, psoriatic arthritis, inflammatory bowel disease, and psoriasis; HIV/AIDS and COVID-19 infectious diseases; mood disorders, neurodegenerative disorders, and schizophrenia; prostate cancer, hematologic malignancies, lung cancer, and bladder cancer; thrombosis, diabetes and macular degeneration; and pulmonary arterial hypertension. This segment serves retailers, wholesalers, distributors, hospitals, and healthcare professionals directly for prescription use. Its MedTech segment provides electrophysiology products to treat cardiovascular diseases; neurovascular care products to treat hemorrhagic and ischemic stroke; orthopaedics products in support of hips, knees, trauma, spine, sports, and other; advanced and general surgery solutions that focus on breast aesthetics, ear, nose, and throat procedures; and disposable contact lenses and ophthalmic products related to cataract and laser refractive surgery under the ACUVUE brand. This segment serves wholesalers, hospitals, and retailers. The company was founded in 1886 and is based in New Brunswick, New Jersey.",Joaquin Duato,Healthcare,US,138100,732 524 0400,One Johnson & Johnson Plaza,New Brunswick,NJ,08933,https://images.financialmodelingprep.com/symbol/JNJ.png,1943-01-02,False,False,True,False,False,JNJ,JNJ
CMCSA,33.57,123630253200,0.922,1.28,31.03-45.31,-0.24,-0.70985,21382879,21015434.0,Comcast Corporation,USD,0001166691,US20030N1019,20030N101,NASDAQ Global Select,NASDAQ,Telecommunications Services,https://corporate.comcast.com,"Comcast Corporation operates as a media and technology company worldwide. It operates through Cable Communications, Media, Studios, Theme Parks, and Sky segments. The Cable Communications segment offers broadband, video, voice, wireless, and other services to residential and business customers under the Xfinity brand; and advertising services. The Media segment operates NBCUniversal's television and streaming platforms, including national, regional, and international cable networks, the NBC and Telemundo broadcast, and Peacock networks. The Studios segment operates NBCUniversal's film and television studio production and distribution operations. The Theme Parks segment operates Universal theme parks in Orlando, Florida; Hollywood, California; Osaka, Japan; and Beijing, China. The Sky segment offers direct-to-consumer services, such as video, broadband, voice and wireless phone services, and content business operates entertainment networks, the Sky News broadcast network, and Sky Sports networks. The company also owns the Philadelphia Flyers, as well as the Wells Fargo Center arena in Philadelphia, Pennsylvania; and provides streaming service, such as Peacock. Comcast Corporation was founded in 1963 and is headquartered in Philadelphia, Pennsylvania.",Brian L. Roberts,Communication Services,US,182000,215 286 1700,One Comcast Center,Philadelphia,PA,19103-2838,https://images.financialmodelingprep.com/symbol/CMCSA.png,1980-03-17,False,False,True,False,False,CMCSA,CMCSA
SPY,648.92,595567116205,1.0,7.16773,481.8-649.48,2.29,0.35414,57419428,70084552.0,SPDR S&P 500 ETF Trust,USD,0000884394,US78462F1030,78462F103,New York Stock Exchange Arca,AMEX,Asset Management,http://www.spdrs.com,"The Trust seeks to achieve its investment objective by holding a portfolio of the common stocks that are included in the index (the “Portfolio”), with the weight of each stock in the Portfolio substantially corresponding to the weight of such stock in the index.",,Financial Services,US,,,,New York City,NY,,https://images.financialmodelingprep.com/symbol/SPY.png,1993-01-29,False,True,True,False,False,SPY,SPY
BRK-B,499.86,1078767779423,0.8,0.0,437.9-542.07,4.14,0.83515,4515354,4773176.0,Berkshire Hathaway Inc.,USD,0001067983,US0846707026,084670702,New York Stock Exchange,NYSE,Insurance - Diversified,https://www.berkshirehathaway.com,"Berkshire Hathaway Inc., through its subsidiaries, engages in the insurance, freight rail transportation, and utility businesses worldwide. The company provides property, casualty, life, accident, and health insurance and reinsurance; and operates railroad systems in North America. It also generates, transmits, stores, and distributes electricity from natural gas, coal, wind, solar, hydroelectric, nuclear, and geothermal sources; operates natural gas distribution and storage facilities, interstate pipelines, liquefied natural gas facilities, and compressor and meter stations; and holds interest in coal mining assets. In addition, the company manufactures boxed chocolates and other confectionery products; specialty chemicals, metal cutting tools, and components for aerospace and power generation applications; flooring products; insulation, roofing, and engineered products; building and engineered components; paints and coatings; and bricks and masonry products, as well as offers manufactured and site-built home construction, and related lending and financial services. Further, it provides recreational vehicles, apparel and footwear products, jewelry, and custom picture framing products, as well as alkaline batteries; castings, forgings, fasteners/fastener systems, aerostructures, and precision components; and cobalt, nickel, and titanium alloys. Additionally, the company distributes televisions and information; franchises and services quick service restaurants; distributes electronic components; and offers logistics services, grocery and foodservice distribution services, and professional aviation training and shared aircraft ownership programs. It also retails automobiles; furniture, bedding, and accessories; household appliances, electronics, and computers; jewelry, watches, crystal, china, stemware, flatware, gifts, and collectibles; kitchenware; and motorcycle clothing and equipment. The company was incorporated in 1998 and is headquartered in Omaha, Nebraska.",Warren E. Buffett,Financial Services,US,392400,402 346 1400,3555 Farnam Street,Omaha,NE,68131,https://images.financialmodelingprep.com/symbol/BRK-B.png,1996-05-09,False,False,True,False,False,BRK-B,BRK.B
